"Bug ID","Version"
23207,"unspecified"
24278,"unspecified"
27493,"unspecified"
35507,"unspecified"
38121,"unspecified"
38805,"unspecified"
40098,"unspecified"
40106,"unspecified"
40253,"unspecified"
45441,"unspecified"
54461,"unspecified"
54746,"Trunk"
54940,"unspecified"
57420,"unspecified"
58554,"unspecified"
58777,"unspecified"
59808,"unspecified"
59932,"unspecified"
60446,"unspecified"
62253,"unspecified"
63047,"unspecified"
63798,"unspecified"
64286,"unspecified"
65770,"unspecified"
66683,"unspecified"
67178,"unspecified"
68515,"unspecified"
71656,"unspecified"
78436,"unspecified"
82860,"unspecified"
83272,"unspecified"
84340,"unspecified"
84543,"unspecified"
85125,"unspecified"
87594,"unspecified"
89794,"unspecified"
90490,"unspecified"
90918,"unspecified"
95091,"unspecified"
96146,"unspecified"
96181,"unspecified"
96831,"unspecified"
97322,"unspecified"
97968,"unspecified"
98009,"unspecified"
99579,"unspecified"
101326,"unspecified"
101743,"unspecified"
101851,"unspecified"
102277,"unspecified"
102352,"unspecified"
103258,"unspecified"
103724,"unspecified"
104024,"unspecified"
105369,"unspecified"
106078,"unspecified"
106080,"unspecified"
107959,"unspecified"
108059,"unspecified"
109768,"unspecified"
111563,"unspecified"
112134,"unspecified"
112482,"unspecified"
115041,"unspecified"
115207,"unspecified"
115981,"unspecified"
116951,"unspecified"
117394,"unspecified"
117771,"unspecified"
118248,"unspecified"
118924,"unspecified"
120309,"unspecified"
120316,"unspecified"
120380,"unspecified"
121498,"unspecified"
121537,"unspecified"
121795,"unspecified"
124681,"unspecified"
124996,"unspecified"
125216,"unspecified"
125234,"unspecified"
125349,"unspecified"
125505,"unspecified"
126202,"unspecified"
126530,"unspecified"
126547,"unspecified"
127564,"unspecified"
130132,"unspecified"
130136,"unspecified"
130993,"unspecified"
131266,"unspecified"
132218,"unspecified"
132228,"unspecified"
133010,"unspecified"
134649,"Trunk"
135609,"unspecified"
135798,"unspecified"
136637,"unspecified"
136720,"unspecified"
136979,"unspecified"
137339,"unspecified"
137929,"unspecified"
141764,"unspecified"
142063,"unspecified"
142102,"unspecified"
142389,"unspecified"
143383,"unspecified"
144802,"unspecified"
145124,"unspecified"
149219,"unspecified"
150353,"unspecified"
151850,"unspecified"
152188,"unspecified"
152289,"unspecified"
152392,"unspecified"
153326,"unspecified"
153521,"unspecified"
154057,"unspecified"
157422,"unspecified"
157541,"Trunk"
159057,"unspecified"
159241,"unspecified"
161102,"unspecified"
161361,"unspecified"
162742,"unspecified"
163142,"unspecified"
163891,"unspecified"
164454,"unspecified"
166575,"unspecified"
167486,"unspecified"
167898,"unspecified"
168909,"unspecified"
169239,"unspecified"
170090,"unspecified"
170303,"unspecified"
171103,"unspecified"
172290,"unspecified"
172334,"unspecified"
173106,"unspecified"
176943,"unspecified"
180523,"unspecified"
186397,"unspecified"
187292,"unspecified"
189035,"unspecified"
189108,"unspecified"
189601,"unspecified"
190964,"unspecified"
190965,"unspecified"
190966,"unspecified"
191000,"unspecified"
191239,"unspecified"
192206,"unspecified"
192286,"unspecified"
193346,"unspecified"
194683,"unspecified"
195081,"unspecified"
196005,"unspecified"
196078,"unspecified"
198065,"unspecified"
198076,"unspecified"
200289,"unspecified"
201262,"unspecified"
201692,"unspecified"
201709,"unspecified"
201742,"unspecified"
204267,"unspecified"
204621,"unspecified"
204744,"unspecified"
207302,"unspecified"
208567,"unspecified"
208817,"unspecified"
209819,"unspecified"
213693,"unspecified"
213875,"unspecified"
214271,"unspecified"
215233,"unspecified"
216036,"unspecified"
216190,"unspecified"
216907,"unspecified"
217292,"unspecified"
220171,"unspecified"
221618,"unspecified"
221859,"unspecified"
222847,"unspecified"
223040,"unspecified"
223731,"unspecified"
225618,"unspecified"
227786,"unspecified"
229715,"unspecified"
229871,"unspecified"
230040,"unspecified"
230153,"unspecified"
230449,"unspecified"
234243,"unspecified"
234598,"unspecified"
234942,"unspecified"
235347,"unspecified"
235358,"unspecified"
235746,"unspecified"
236654,"unspecified"
236845,"unspecified"
236967,"unspecified"
237097,"unspecified"
237167,"unspecified"
238966,"unspecified"
239232,"unspecified"
240232,"unspecified"
240731,"unspecified"
240732,"unspecified"
241574,"unspecified"
241799,"unspecified"
243022,"unspecified"
243141,"unspecified"
246237,"unspecified"
247509,"unspecified"
249143,"unspecified"
249756,"unspecified"
249757,"unspecified"
252757,"unspecified"
253105,"unspecified"
253311,"unspecified"
256379,"unspecified"
257241,"unspecified"
259741,"unspecified"
259912,"unspecified"
261091,"unspecified"
261263,"unspecified"
262419,"unspecified"
263839,"unspecified"
263841,"unspecified"
264236,"unspecified"
264535,"unspecified"
266410,"unspecified"
269685,"Trunk"
270306,"unspecified"
271239,"unspecified"
277000,"Trunk"
277001,"Trunk"
277129,"unspecified"
277495,"unspecified"
277580,"unspecified"
277878,"unspecified"
278512,"unspecified"
278833,"unspecified"
281199,"unspecified"
282545,"unspecified"
282548,"unspecified"
285836,"Trunk"
289221,"unspecified"
289615,"unspecified"
293499,"unspecified"
294674,"unspecified"
296208,"unspecified"
298521,"unspecified"
298528,"unspecified"
298539,"unspecified"
298599,"Trunk"
298747,"unspecified"
299372,"Trunk"
300002,"Trunk"
300053,"unspecified"
304231,"Trunk"
304353,"unspecified"
304424,"Trunk"
304801,"Trunk"
305135,"unspecified"
305542,"unspecified"
307353,"unspecified"
307828,"unspecified"
309976,"Trunk"
310619,"Trunk"
311488,"unspecified"
311742,"unspecified"
312953,"unspecified"
313537,"unspecified"
314066,"unspecified"
314118,"1.5.0.x Branch"
314387,"unspecified"
314697,"Trunk"
314845,"unspecified"
315801,"unspecified"
315970,"unspecified"
316570,"unspecified"
316886,"Trunk"
317795,"Trunk"
319983,"unspecified"
321033,"1.5.0.x Branch"
321072,"unspecified"
321533,"unspecified"
323553,"unspecified"
324397,"Trunk"
324781,"unspecified"
325523,"Trunk"
326066,"Trunk"
326727,"Trunk"
326747,"unspecified"
327099,"unspecified"
327264,"unspecified"
327572,"unspecified"
327699,"unspecified"
330737,"unspecified"
331544,"unspecified"
332195,"Trunk"
332690,"unspecified"
333432,"unspecified"
333811,"Trunk"
334894,"unspecified"
335102,"Trunk"
335286,"Trunk"
335448,"2.0 Branch"
337659,"unspecified"
338917,"3.6 Branch"
340839,"Trunk"
342539,"Trunk"
343178,"unspecified"
343186,"unspecified"
343279,"unspecified"
343531,"2.0 Branch"
345452,"unspecified"
346994,"Trunk"
348276,"unspecified"
348403,"unspecified"
348868,"2.0 Branch"
348917,"Trunk"
349076,"Trunk"
350026,"2.0 Branch"
350354,"unspecified"
350679,"Trunk"
351624,"unspecified"
352082,"unspecified"
353056,"Trunk"
353426,"2.0 Branch"
353429,"2.0 Branch"
353591,"Trunk"
353673,"Trunk"
355640,"2.0 Branch"
355934,"2.0 Branch"
355990,"unspecified"
356848,"unspecified"
357499,"2.0 Branch"
357764,"unspecified"
359867,"unspecified"
362236,"unspecified"
366879,"unspecified"
367532,"Trunk"
367596,"unspecified"
374023,"unspecified"
380466,"unspecified"
381413,"unspecified"
381442,"unspecified"
381758,"Trunk"
381936,"unspecified"
382016,"unspecified"
382017,"unspecified"
382020,"unspecified"
383715,"unspecified"
383817,"unspecified"
384004,"unspecified"
384312,"2.0 Branch"
384420,"Trunk"
384924,"unspecified"
385101,"unspecified"
386473,"Trunk"
389414,"unspecified"
389469,"unspecified"
390397,"unspecified"
390408,"unspecified"
390725,"unspecified"
391461,"unspecified"
392415,"2.0 Branch"
393122,"unspecified"
393504,"unspecified"
393687,"Trunk"
394479,"unspecified"
394699,"unspecified"
394710,"unspecified"
395131,"unspecified"
395294,"Trunk"
395980,"Trunk"
397431,"unspecified"
397433,"unspecified"
397699,"unspecified"
397723,"Trunk"
397731,"unspecified"
397851,"unspecified"
399572,"Trunk"
399615,"Trunk"
399928,"Trunk"
401748,"unspecified"
401828,"unspecified"
402138,"unspecified"
402144,"unspecified"
402151,"unspecified"
402258,"unspecified"
402736,"unspecified"
402977,"unspecified"
404434,"unspecified"
405018,"unspecified"
405864,"unspecified"
406499,"Trunk"
406977,"2.0 Branch"
407578,"Trunk"
407874,"unspecified"
407929,"Trunk"
408015,"unspecified"
408415,"unspecified"
409786,"unspecified"
410930,"unspecified"
411619,"Trunk"
411669,"3.6 Branch"
413112,"unspecified"
413307,"Trunk"
413504,"Trunk"
413964,"Trunk"
416094,"unspecified"
416252,"unspecified"
416456,"unspecified"
416909,"Trunk"
417423,"unspecified"
417607,"Trunk"
417918,"unspecified"
418830,"unspecified"
419439,"Trunk"
419699,"Trunk"
420666,"unspecified"
421060,"Trunk"
421489,"Trunk"
422953,"Trunk"
424590,"Trunk"
425281,"Trunk"
425392,"unspecified"
425971,"unspecified"
425990,"unspecified"
426724,"Trunk"
427879,"unspecified"
428644,"unspecified"
428655,"Trunk"
429282,"Trunk"
429287,"Trunk"
430336,"unspecified"
430557,"Trunk"
430791,"Trunk"
431505,"unspecified"
431880,"unspecified"
431904,"unspecified"
433137,"Trunk"
433422,"Trunk"
433688,"3.0 Branch"
433825,"Trunk"
433875,"unspecified"
434032,"unspecified"
434153,"Trunk"
434596,"unspecified"
434666,"unspecified"
434836,"3.0 Branch"
436248,"Trunk"
437014,"3.0 Branch"
437767,"unspecified"
437992,"unspecified"
438411,"unspecified"
438761,"3.0 Branch"
438911,"Trunk"
439804,"unspecified"
439850,"3.0 Branch"
439872,"unspecified"
439938,"unspecified"
439988,"unspecified"
440119,"3.0 Branch"
440644,"3.0 Branch"
441070,"unspecified"
441845,"unspecified"
441984,"3.0 Branch"
443548,"2.0 Branch"
444080,"unspecified"
445065,"unspecified"
445498,"Trunk"
445779,"Trunk"
446005,"unspecified"
446064,"unspecified"
446235,"unspecified"
446704,"3.0 Branch"
449763,"unspecified"
449929,"Trunk"
452126,"unspecified"
453274,"3.0 Branch"
454243,"unspecified"
454592,"Trunk"
455244,"unspecified"
458102,"unspecified"
458866,"Trunk"
460630,"unspecified"
460891,"unspecified"
462352,"unspecified"
462743,"unspecified"
463386,"Trunk"
463944,"unspecified"
464410,"unspecified"
464930,"unspecified"
465738,"unspecified"
466282,"unspecified"
466740,"Trunk"
467113,"Trunk"
467130,"Trunk"
467868,"Trunk"
469082,"Trunk"
469260,"Trunk"
469561,"unspecified"
469576,"Trunk"
470051,"unspecified"
471333,"unspecified"
472226,"Trunk"
472625,"3.5 Branch"
472739,"unspecified"
472966,"Trunk"
474398,"unspecified"
474637,"unspecified"
475008,"3.0 Branch"
475358,"Trunk"
478719,"unspecified"
478723,"unspecified"
478766,"Trunk"
480151,"Trunk"
480694,"3.5 Branch"
480726,"unspecified"
481366,"unspecified"
481809,"unspecified"
482029,"Trunk"
482580,"Trunk"
482726,"unspecified"
484896,"unspecified"
485265,"3.0 Branch"
486511,"unspecified"
486925,"unspecified"
487013,"3.0 Branch"
487634,"unspecified"
487668,"unspecified"
488365,"unspecified"
488757,"unspecified"
489159,"3.5 Branch"
489203,"unspecified"
489981,"3.0 Branch"
490861,"unspecified"
491027,"3.5 Branch"
491156,"unspecified"
491807,"unspecified"
491853,"Trunk"
492811,"unspecified"
493377,"3.0 Branch"
494076,"Trunk"
494418,"Trunk"
495866,"unspecified"
495976,"unspecified"
496205,"3.5 Branch"
496554,"unspecified"
496754,"2.0 Branch"
497081,"unspecified"
497083,"3.5 Branch"
497931,"3.5 Branch"
498367,"3.5 Branch"
498447,"3.0 Branch"
498949,"unspecified"
499057,"unspecified"
499095,"3.5 Branch"
499190,"unspecified"
499572,"3.5 Branch"
499888,"Trunk"
500151,"unspecified"
502471,"3.5 Branch"
502487,"unspecified"
502656,"unspecified"
503532,"unspecified"
503789,"unspecified"
504201,"unspecified"
504262,"3.5 Branch"
505475,"3.5 Branch"
507661,"3.5 Branch"
507905,"unspecified"
508741,"unspecified"
508797,"3.5 Branch"
510187,"unspecified"
510516,"3.5 Branch"
510945,"unspecified"
510946,"3.5 Branch"
511624,"Trunk"
511850,"Trunk"
511908,"unspecified"
512136,"unspecified"
515095,"Trunk"
516066,"unspecified"
517536,"unspecified"
517846,"3.5 Branch"
518138,"unspecified"
519458,"3.5 Branch"
520936,"9 Branch"
524944,"Trunk"
525858,"3.6 Branch"
528531,"3.6 Branch"
529080,"3.6 Branch"
529366,"unspecified"
529591,"3.6 Branch"
529680,"3.6 Branch"
531264,"unspecified"
532798,"Trunk"
533289,"unspecified"
535827,"unspecified"
536576,"Trunk"
537669,"unspecified"
540621,"Trunk"
541634,"unspecified"
542990,"3.5 Branch"
543619,"unspecified"
547642,"unspecified"
548100,"unspecified"
549294,"unspecified"
550333,"Trunk"
552424,"Trunk"
553177,"3.6 Branch"
555665,"unspecified"
555855,"3.6 Branch"
556174,"Trunk"
558301,"unspecified"
559521,"unspecified"
559564,"3.6 Branch"
560296,"Trunk"
562325,"3.6 Branch"
563161,"Trunk"
563227,"3.6 Branch"
564315,"unspecified"
565458,"Trunk"
565550,"Trunk"
565564,"Trunk"
565566,"Trunk"
565973,"Trunk"
565993,"Trunk"
566242,"unspecified"
566528,"Trunk"
567493,"unspecified"
569830,"Trunk"
572257,"unspecified"
572398,"Trunk"
572468,"unspecified"
573359,"unspecified"
573693,"3.6 Branch"
574105,"3.6 Branch"
574215,"unspecified"
574667,"4.0 Branch"
574688,"Trunk"
574938,"4.0 Branch"
576379,"4.0 Branch"
576527,"4.0 Branch"
577055,"4.0 Branch"
577079,"3.6 Branch"
577530,"Trunk"
577593,"Trunk"
578281,"Trunk"
578737,"4.0 Branch"
579204,"Trunk"
579254,"3.6 Branch"
579380,"4.0 Branch"
579631,"unspecified"
579854,"unspecified"
580245,"Trunk"
580263,"unspecified"
580624,"4.0 Branch"
580818,"unspecified"
580860,"unspecified"
581019,"unspecified"
581276,"4.0 Branch"
581672,"unspecified"
581741,"Trunk"
581912,"Trunk"
581913,"Trunk"
581978,"Trunk"
582487,"unspecified"
582803,"4.0 Branch"
583451,"unspecified"
583877,"4.0 Branch"
584505,"4.0 Branch"
584576,"Trunk"
585266,"4.0 Branch"
585296,"4.0 Branch"
585410,"4.0 Branch"
585543,"4.0 Branch"
586565,"4.0 Branch"
586726,"unspecified"
587084,"Trunk"
587381,"4.0 Branch"
588011,"Trunk"
588101,"4.0 Branch"
589266,"Trunk"
589588,"unspecified"
590507,"unspecified"
590539,"4.0 Branch"
590707,"Trunk"
590893,"4.0 Branch"
590993,"Trunk"
591007,"4.0 Branch"
591022,"4.0 Branch"
591194,"4.0 Branch"
591354,"unspecified"
591551,"Trunk"
591693,"4.0 Branch"
592094,"unspecified"
593348,"3.6 Branch"
593419,"Trunk"
593769,"3.6 Branch"
594772,"unspecified"
594901,"3.6 Branch"
594953,"4.0 Branch"
594961,"4.0 Branch"
595138,"4.0 Branch"
595303,"4.0 Branch"
595611,"4.0 Branch"
595673,"Trunk"
595674,"Trunk"
595678,"4.0 Branch"
595686,"Trunk"
596146,"4.0 Branch"
596191,"Trunk"
596344,"4.0 Branch"
596559,"3.6 Branch"
596690,"4.0 Branch"
596968,"unspecified"
597396,"3.6 Branch"
597732,"4.0 Branch"
597738,"Trunk"
597925,"3.6 Branch"
597986,"4.0 Branch"
598628,"Trunk"
598779,"Trunk"
598860,"Trunk"
599345,"unspecified"
599376,"Trunk"
599803,"4.0 Branch"
600269,"4.0 Branch"
600978,"Trunk"
601292,"3.6 Branch"
601380,"3.6 Branch"
602181,"unspecified"
603184,"4.0 Branch"
603774,"Trunk"
603802,"4.0 Branch"
603923,"4.0 Branch"
604040,"4.0 Branch"
604886,"4.0 Branch"
605245,"Trunk"
605448,"unspecified"
606081,"3.6 Branch"
606123,"Trunk"
606171,"Trunk"
606428,"3.6 Branch"
606655,"Trunk"
606836,"3.6 Branch"
607286,"Trunk"
607604,"3.6 Branch"
607785,"3.6 Branch"
608051,"3.6 Branch"
608226,"3.6 Branch"
608398,"Trunk"
609387,"3.6 Branch"
610127,"Trunk"
610142,"4.0 Branch"
610163,"unspecified"
610194,"unspecified"
611622,"3.6 Branch"
611992,"4.0 Branch"
612152,"unspecified"
612176,"4.0 Branch"
612228,"Trunk"
612242,"unspecified"
612812,"Trunk"
612853,"Trunk"
612854,"Trunk"
613259,"Trunk"
613580,"Trunk"
613822,"unspecified"
613913,"4.0 Branch"
613914,"4.0 Branch"
613983,"3.6 Branch"
614041,"4.0 Branch"
614197,"Trunk"
614473,"unspecified"
614517,"Trunk"
614897,"4.0 Branch"
614932,"Trunk"
615038,"4.0 Branch"
615050,"3.6 Branch"
615071,"3.6 Branch"
615103,"4.0 Branch"
615588,"4.0 Branch"
616095,"4.0 Branch"
616116,"4.0 Branch"
616331,"3.5 Branch"
616853,"unspecified"
616938,"3.6 Branch"
617309,"4.0 Branch"
618580,"4.0 Branch"
618636,"Trunk"
618791,"Trunk"
619472,"Trunk"
619699,"4.0 Branch"
621178,"4.0 Branch"
621244,"Trunk"
621459,"unspecified"
622359,"unspecified"
622901,"unspecified"
623587,"unspecified"
623803,"4.0 Branch"
623858,"unspecified"
623866,"unspecified"
623966,"6 Branch"
623994,"Trunk"
624595,"Trunk"
624632,"4.0 Branch"
624661,"Trunk"
624991,"Trunk"
625369,"Trunk"
625398,"unspecified"
625470,"Trunk"
625912,"Trunk"
626074,"unspecified"
626090,"Trunk"
626098,"4.0 Branch"
626184,"unspecified"
626211,"unspecified"
626390,"unspecified"
626485,"4.0 Branch"
626553,"3.6 Branch"
626556,"4.0 Branch"
626860,"unspecified"
626920,"4.0 Branch"
626934,"Trunk"
627043,"unspecified"
627895,"3.6 Branch"
628291,"unspecified"
628438,"4.0 Branch"
628742,"Trunk"
628743,"Trunk"
628820,"4.0 Branch"
628891,"4.0 Branch"
629765,"4.0 Branch"
630483,"unspecified"
630495,"Trunk"
630614,"Trunk"
630807,"4.0 Branch"
630874,"Trunk"
631013,"unspecified"
631551,"4.0 Branch"
632034,"Trunk"
632077,"unspecified"
632081,"4.0 Branch"
632375,"4.0 Branch"
632483,"4.0 Branch"
633114,"4.0 Branch"
633268,"3.6 Branch"
633659,"unspecified"
633691,"Trunk"
633696,"Trunk"
633700,"4.0 Branch"
635116,"4.0 Branch"
635152,"unspecified"
635163,"unspecified"
635803,"Trunk"
636683,"unspecified"
638039,"4.0 Branch"
638300,"unspecified"
638554,"Trunk"
638572,"Trunk"
638828,"Trunk"
639262,"unspecified"
639321,"unspecified"
640495,"unspecified"
640498,"4.0 Branch"
641008,"6 Branch"
642675,"unspecified"
644353,"Trunk"
644594,"Trunk"
645305,"Trunk"
645649,"Trunk"
645700,"Trunk"
645795,"3.6 Branch"
645983,"4.0 Branch"
646146,"4.0 Branch"
646401,"4.0 Branch"
647162,"unspecified"
648279,"unspecified"
648360,"4.0 Branch"
648542,"3.6 Branch"
648706,"unspecified"
648864,"14 Branch"
649227,"4.0 Branch"
649321,"unspecified"
649671,"Trunk"
649962,"4.0 Branch"
650485,"4.0 Branch"
650561,"Trunk"
650631,"unspecified"
650713,"Trunk"
651122,"Trunk"
651185,"unspecified"
651799,"50 Branch"
653588,"4.0 Branch"
653908,"Trunk"
656348,"4.0 Branch"
656667,"4.0 Branch"
656814,"4.0 Branch"
657442,"unspecified"
657706,"3.6 Branch"
658174,"4.0 Branch"
658986,"4.0 Branch"
659146,"4.0 Branch"
659407,"Trunk"
659629,"Trunk"
660767,"4.0 Branch"
661783,"3.6 Branch"
662866,"4.0 Branch"
662917,"4.0 Branch"
664756,"unspecified"
666141,"unspecified"
666544,"unspecified"
667340,"Trunk"
668577,"Trunk"
670598,"7 Branch"
670849,"Trunk"
671741,"5 Branch"
672604,"3.6 Branch"
672607,"unspecified"
673320,"5 Branch"
674215,"6 Branch"
675440,"Trunk"
675498,"5 Branch"
675892,"5 Branch"
675900,"Trunk"
676552,"unspecified"
676995,"unspecified"
677372,"unspecified"
677631,"5 Branch"
678208,"3.6 Branch"
678716,"Trunk"
678831,"5 Branch"
680090,"6 Branch"
682414,"Trunk"
682708,"Trunk"
684450,"Trunk"
685175,"6 Branch"
686198,"unspecified"
687386,"unspecified"
687423,"unspecified"
688637,"8 Branch"
689597,"Trunk"
690815,"unspecified"
691218,"unspecified"
692112,"7 Branch"
692414,"unspecified"
692574,"unspecified"
692729,"Trunk"
696103,"9 Branch"
696522,"unspecified"
697591,"7 Branch"
698409,"8 Branch"
698428,"7 Branch"
699479,"8 Branch"
700015,"Trunk"
700908,"8 Branch"
701286,"10 Branch"
701603,"7 Branch"
701733,"Trunk"
701999,"8 Branch"
702000,"Trunk"
702065,"3.6 Branch"
704100,"11 Branch"
704256,"8 Branch"
704657,"unspecified"
706686,"8 Branch"
706773,"8 Branch"
706988,"unspecified"
707321,"Trunk"
707961,"9 Branch"
708293,"Trunk"
710282,"8 Branch"
710880,"9 Branch"
712132,"10 Branch"
712311,"9 Branch"
712452,"Trunk"
712620,"Trunk"
712713,"9 Branch"
713126,"12 Branch"
713394,"Trunk"
714712,"12 Branch"
715909,"9 Branch"
717427,"Trunk"
717752,"Trunk"
717867,"unspecified"
718307,"Trunk"
719423,"Trunk"
719746,"unspecified"
721740,"Trunk"
722150,"9 Branch"
722829,"12 Branch"
723405,"Trunk"
723818,"Trunk"
724396,"Trunk"
724547,"Trunk"
724576,"10 Branch"
725589,"unspecified"
726525,"10 Branch"
727131,"Trunk"
729372,"Trunk"
729475,"10 Branch"
730829,"Trunk"
734326,"Trunk"
734410,"11 Branch"
736266,"Trunk"
737358,"13 Branch"
737804,"unspecified"
738818,"Trunk"
738887,"13 Branch"
739086,"11 Branch"
739107,"48 Branch"
739580,"14 Branch"
740213,"Trunk"
741802,"Trunk"
742020,"Trunk"
744109,"unspecified"
744302,"unspecified"
744659,"13 Branch"
745467,"11 Branch"
747612,"unspecified"
750054,"unspecified"
750544,"Trunk"
750658,"15 Branch"
750664,"15 Branch"
752136,"unspecified"
752197,"unspecified"
752634,"17 Branch"
754045,"12 Branch"
754623,"Trunk"
755113,"unspecified"
756809,"unspecified"
758145,"14 Branch"
759596,"Trunk"
759614,"12 Branch"
759967,"14 Branch"
760657,"Trunk"
761002,"13 Branch"
763680,"Trunk"
763806,"unspecified"
764520,"13 Branch"
764720,"21 Branch"
764869,"Trunk"
765389,"Trunk"
766086,"Trunk"
766464,"16 Branch"
767221,"unspecified"
767267,"13 Branch"
767440,"13 Branch"
767773,"13 Branch"
767828,"Trunk"
767960,"unspecified"
771205,"unspecified"
771630,"13 Branch"
772815,"unspecified"
774163,"13 Branch"
774539,"unspecified"
775114,"unspecified"
775191,"14 Branch"
775242,"14 Branch"
776169,"14 Branch"
776303,"14 Branch"
776324,"unspecified"
779489,"16 Branch"
780859,"unspecified"
782743,"Trunk"
782944,"unspecified"
783142,"Trunk"
783247,"14 Branch"
783401,"13 Branch"
783929,"15 Branch"
785540,"Trunk"
785591,"17 Branch"
786674,"Trunk"
786692,"48 Branch"
786938,"unspecified"
787767,"Trunk"
788060,"unspecified"
788465,"17 Branch"
788951,"unspecified"
789141,"unspecified"
790200,"Trunk"
791092,"Trunk"
791421,"Trunk"
792016,"unspecified"
793223,"16 Branch"
793540,"unspecified"
793632,"18 Branch"
793910,"Trunk"
795467,"Trunk"
796214,"unspecified"
797850,"unspecified"
799413,"unspecified"
800149,"unspecified"
800168,"Trunk"
801036,"Trunk"
801439,"unspecified"
802128,"unspecified"
802332,"unspecified"
802525,"Trunk"
803330,"Trunk"
803570,"unspecified"
803737,"Trunk"
804012,"17 Branch"
804081,"Trunk"
804223,"19 Branch"
804269,"unspecified"
804392,"unspecified"
805395,"16 Branch"
805631,"unspecified"
806266,"unspecified"
806316,"23 Branch"
807673,"17 Branch"
808414,"Trunk"
808462,"17 Branch"
809037,"unspecified"
809432,"18 Branch"
809805,"19 Branch"
810650,"unspecified"
811134,"17 Branch"
812464,"17 Branch"
812694,"unspecified"
813643,"20 Branch"
814680,"17 Branch"
815973,"Trunk"
817003,"Trunk"
818759,"unspecified"
820607,"Trunk"
820611,"Trunk"
820697,"unspecified"
820700,"unspecified"
820880,"unspecified"
822180,"18 Branch"
822451,"unspecified"
823563,"18 Branch"
824158,"Trunk"
824478,"20 Branch"
826742,"unspecified"
826964,"Trunk"
826991,"unspecified"
827374,"18 Branch"
827747,"unspecified"
827883,"17 Branch"
828087,"unspecified"
828148,"18 Branch"
828794,"18 Branch"
829806,"unspecified"
830808,"17 Branch"
832913,"unspecified"
832937,"Trunk"
833207,"Trunk"
833335,"18 Branch"
833727,"18 Branch"
834781,"19 Branch"
835086,"19 Branch"
836732,"Trunk"
837195,"unspecified"
838131,"Trunk"
838162,"20 Branch"
838964,"Trunk"
839414,"18 Branch"
839850,"18 Branch"
840125,"unspecified"
840395,"Trunk"
840411,"17 Branch"
840730,"Trunk"
841437,"unspecified"
841495,"Trunk"
842280,"unspecified"
843218,"19 Branch"
843321,"19 Branch"
843699,"19 Branch"
844038,"unspecified"
844265,"19 Branch"
844453,"unspecified"
844604,"Trunk"
846048,"Trunk"
846745,"20 Branch"
847049,"unspecified"
847089,"19 Branch"
847863,"Trunk"
848032,"unspecified"
849323,"19 Branch"
849513,"unspecified"
850540,"unspecified"
851031,"Trunk"
851042,"Trunk"
851099,"22 Branch"
852492,"unspecified"
854879,"unspecified"
855785,"20 Branch"
857859,"unspecified"
858028,"20 Branch"
858448,"Trunk"
858949,"21 Branch"
859317,"Trunk"
860914,"20 Branch"
862056,"20 Branch"
862623,"22 Branch"
863474,"Trunk"
863514,"Trunk"
863913,"20 Branch"
864673,"23 Branch"
865086,"22 Branch"
865280,"20 Branch"
865953,"20 Branch"
866071,"20 Branch"
866172,"22 Branch"
867240,"21 Branch"
867429,"20 Branch"
867858,"20 Branch"
868095,"20 Branch"
868712,"Trunk"
869078,"Trunk"
870309,"unspecified"
870546,"22 Branch"
870549,"22 Branch"
870715,"23 Branch"
871257,"17 Branch"
872400,"Trunk"
872495,"21 Branch"
872761,"Trunk"
873377,"21 Branch"
874107,"21 Branch"
874232,"unspecified"
874408,"unspecified"
874482,"11 Branch"
875904,"unspecified"
876041,"Trunk"
877649,"Trunk"
877856,"Trunk"
879609,"unspecified"
880101,"Trunk"
880148,"unspecified"
880708,"23 Branch"
881027,"23 Branch"
881035,"22 Branch"
881937,"unspecified"
882485,"unspecified"
882623,"Trunk"
883447,"unspecified"
886312,"unspecified"
887078,"22 Branch"
887129,"22 Branch"
889427,"23 Branch"
891298,"unspecified"
891365,"Trunk"
891560,"Trunk"
891735,"25 Branch"
891897,"Trunk"
892204,"Trunk"
893156,"22 Branch"
893862,"25 Branch"
894063,"Trunk"
894424,"22 Branch"
895672,"Trunk"
896152,"23 Branch"
897360,"22 Branch"
897712,"Trunk"
898205,"Trunk"
898529,"22 Branch"
898706,"Trunk"
898882,"25 Branch"
904955,"Trunk"
906358,"23 Branch"
906838,"23 Branch"
906871,"23 Branch"
909898,"23 Branch"
910749,"Trunk"
911607,"unspecified"
913474,"Trunk"
913530,"26 Branch"
917796,"25 Branch"
919366,"Trunk"
921039,"24 Branch"
921216,"26 Branch"
922323,"Trunk"
922737,"Trunk"
923937,"24 Branch"
924266,"Trunk"
924803,"27 Branch"
925156,"27 Branch"
925872,"unspecified"
926080,"Trunk"
926373,"24 Branch"
926579,"Trunk"
927134,"unspecified"
928273,"24 Branch"
928311,"unspecified"
928626,"27 Branch"
928664,"25 Branch"
929038,"unspecified"
930859,"unspecified"
932788,"24 Branch"
932809,"25 Branch"
933303,"unspecified"
933470,"25 Branch"
933917,"Trunk"
933993,"26 Branch"
935457,"Trunk"
935642,"26 Branch"
936987,"unspecified"
936990,"unspecified"
937712,"25 Branch"
938460,"26 Branch"
939862,"Trunk"
940093,"28 Branch"
940172,"25 Branch"
940393,"Trunk"
940497,"28 Branch"
940935,"28 Branch"
941203,"17 Branch"
942171,"25 Branch"
943344,"24 Branch"
943404,"25 Branch"
943671,"26 Branch"
944300,"Trunk"
944372,"Trunk"
944694,"unspecified"
944928,"25 Branch"
946905,"unspecified"
947030,"unspecified"
947696,"26 Branch"
948746,"26 Branch"
948836,"25 Branch"
949433,"25 Branch"
949434,"Trunk"
950063,"Trunk"
950211,"25 Branch"
950799,"unspecified"
950939,"Trunk"
951373,"unspecified"
951403,"Trunk"
952390,"unspecified"
952945,"26 Branch"
953080,"Trunk"
953333,"26 Branch"
954488,"unspecified"
956113,"unspecified"
956148,"27 Branch"
956289,"28 Branch"
956683,"28 Branch"
956870,"26 Branch"
956965,"Trunk"
958885,"Trunk"
960238,"Trunk"
960823,"26 Branch"
960833,"Trunk"
960953,"26 Branch"
961504,"25 Branch"
961641,"Trunk"
961803,"26 Branch"
962446,"unspecified"
963899,"26 Branch"
963945,"20 Branch"
964042,"26 Branch"
965175,"Trunk"
965322,"unspecified"
966324,"29 Branch"
966530,"29 Branch"
966603,"27 Branch"
966657,"26 Branch"
966733,"unspecified"
967013,"Trunk"
967812,"unspecified"
969266,"27 Branch"
969669,"unspecified"
970000,"29 Branch"
970048,"unspecified"
970495,"Trunk"
970511,"29 Branch"
970675,"unspecified"
970872,"Trunk"
972720,"Trunk"
973014,"Trunk"
973381,"unspecified"
973534,"Trunk"
974146,"unspecified"
975864,"27 Branch"
978082,"Trunk"
978133,"Trunk"
979228,"28 Branch"
980038,"unspecified"
980231,"Trunk"
980777,"29 Branch"
981423,"27 Branch"
981429,"unspecified"
983060,"30 Branch"
985116,"30 Branch"
986503,"Trunk"
986505,"Trunk"
986684,"unspecified"
986942,"Trunk"
987561,"28 Branch"
989193,"Trunk"
989194,"Trunk"
989648,"25 Branch"
991120,"unspecified"
991652,"28 Branch"
992563,"Trunk"
993361,"Trunk"
994640,"Trunk"
994754,"unspecified"
994798,"Trunk"
995003,"28 Branch"
995268,"29 Branch"
995825,"unspecified"
996243,"29 Branch"
996532,"30 Branch"
997131,"Trunk"
997537,"unspecified"
997915,"29 Branch"
1000458,"Trunk"
1000946,"unspecified"
1001324,"Trunk"
1002042,"28 Branch"
1002931,"29 Branch"
1003300,"Trunk"
1003973,"32 Branch"
1004055,"Trunk"
1005037,"29 Branch"
1005073,"Trunk"
1005601,"Trunk"
1005607,"29 Branch"
1006048,"26 Branch"
1006839,"29 Branch"
1006936,"29 Branch"
1007418,"unspecified"
1007632,"31 Branch"
1008005,"29 Branch"
1008225,"Trunk"
1008603,"unspecified"
1008608,"29 Branch"
1008710,"unspecified"
1008730,"Trunk"
1008863,"unspecified"
1008902,"unspecified"
1008960,"unspecified"
1009021,"31 Branch"
1009367,"29 Branch"
1009708,"29 Branch"
1010125,"Trunk"
1011848,"32 Branch"
1012402,"32 Branch"
1012614,"29 Branch"
1012615,"29 Branch"
1014214,"30 Branch"
1014254,"Trunk"
1014332,"Trunk"
1015106,"Trunk"
1015567,"Trunk"
1015753,"29 Branch"
1016876,"29 Branch"
1017964,"32 Branch"
1018054,"29 Branch"
1018826,"30 Branch"
1019867,"Trunk"
1019990,"Trunk"
1020380,"Trunk"
1022233,"29 Branch"
1022269,"32 Branch"
1022360,"32 Branch"
1022545,"unspecified"
1022547,"30 Branch"
1022548,"30 Branch"
1022551,"30 Branch"
1022566,"Trunk"
1022570,"30 Branch"
1022571,"30 Branch"
1022572,"30 Branch"
1022578,"30 Branch"
1022588,"Trunk"
1022592,"30 Branch"
1022595,"30 Branch"
1022602,"30 Branch"
1022603,"30 Branch"
1022604,"30 Branch"
1023249,"unspecified"
1023508,"unspecified"
1023769,"28 Branch"
1023967,"32 Branch"
1024629,"unspecified"
1025247,"30 Branch"
1025613,"30 Branch"
1025967,"Trunk"
1027712,"30 Branch"
1028029,"31 Branch"
1028717,"31 Branch"
1028733,"unspecified"
1029547,"30 Branch"
1030074,"unspecified"
1030645,"unspecified"
1030892,"Trunk"
1031145,"unspecified"
1031634,"33 Branch"
1032137,"unspecified"
1032737,"30 Branch"
1034193,"30 Branch"
1034254,"unspecified"
1034276,"33 Branch"
1034592,"Trunk"
1034961,"unspecified"
1035625,"unspecified"
1036199,"32 Branch"
1036939,"Trunk"
1037166,"unspecified"
1037438,"Trunk"
1038821,"29 Branch"
1038826,"29 Branch"
1038830,"29 Branch"
1038990,"unspecified"
1040914,"unspecified"
1042298,"30 Branch"
1042465,"24 Branch"
1043407,"34 Branch"
1043584,"31 Branch"
1043586,"34 Branch"
1043874,"34 Branch"
1044398,"31 Branch"
1044542,"33 Branch"
1045050,"Trunk"
1045723,"30 Branch"
1046044,"34 Branch"
1047248,"Trunk"
1047348,"Trunk"
1047558,"unspecified"
1047613,"unspecified"
1047797,"34 Branch"
1048077,"Trunk"
1048224,"34 Branch"
1049001,"unspecified"
1049551,"Trunk"
1051585,"31 Branch"
1051861,"Trunk"
1051885,"30 Branch"
1052365,"30 Branch"
1053245,"unspecified"
1054960,"Trunk"
1055950,"unspecified"
1056488,"unspecified"
1057927,"31 Branch"
1058010,"32 Branch"
1058320,"unspecified"
1058538,"34 Branch"
1058712,"Trunk"
1058759,"unspecified"
1059124,"31 Branch"
1059326,"32 Branch"
1059341,"Trunk"
1059412,"34 Branch"
1059673,"unspecified"
1060813,"unspecified"
1061277,"34 Branch"
1061714,"34 Branch"
1061747,"34 Branch"
1062681,"32 Branch"
1064740,"unspecified"
1065043,"unspecified"
1065945,"33 Branch"
1066170,"unspecified"
1066217,"35 Branch"
1066531,"Trunk"
1066970,"32 Branch"
1067161,"unspecified"
1068287,"31 Branch"
1069059,"34 Branch"
1069324,"32 Branch"
1069713,"unspecified"
1069976,"32 Branch"
1070019,"32 Branch"
1070880,"32 Branch"
1071635,"Trunk"
1071639,"32 Branch"
1073789,"Trunk"
1074553,"32 Branch"
1074971,"Trunk"
1077844,"35 Branch"
1077850,"unspecified"
1080083,"Trunk"
1080359,"unspecified"
1080916,"35 Branch"
1081248,"unspecified"
1081857,"32 Branch"
1082111,"unspecified"
1082807,"33 Branch"
1082849,"34 Branch"
1082945,"unspecified"
1083475,"Trunk"
1083556,"unspecified"
1083728,"unspecified"
1084318,"35 Branch"
1084598,"Trunk"
1085023,"33 Branch"
1085091,"Trunk"
1085098,"35 Branch"
1085556,"34 Branch"
1087007,"unspecified"
1087934,"35 Branch"
1088245,"unspecified"
1088725,"unspecified"
1088763,"Trunk"
1088819,"35 Branch"
1089594,"33 Branch"
1090099,"33 Branch"
1090333,"32 Branch"
1090880,"unspecified"
1090986,"Trunk"
1091800,"unspecified"
1092164,"unspecified"
1092357,"Trunk"
1092558,"Trunk"
1092703,"32 Branch"
1093750,"unspecified"
1093969,"34 Branch"
1094636,"Trunk"
1095236,"unspecified"
1095890,"34 Branch"
1095929,"36 Branch"
1096055,"29 Branch"
1096083,"36 Branch"
1096261,"Trunk"
1096291,"unspecified"
1096319,"unspecified"
1096434,"33 Branch"
1096731,"36 Branch"
1096925,"unspecified"
1097132,"unspecified"
1097138,"unspecified"
1097828,"36 Branch"
1097949,"Trunk"
1098484,"unspecified"
1098600,"35 Branch"
1099046,"Trunk"
1099958,"33 Branch"
1100813,"34 Branch"
1101815,"unspecified"
1102224,"Trunk"
1102373,"36 Branch"
1102922,"Trunk"
1102948,"34 Branch"
1103931,"unspecified"
1104006,"1.5.0.x Branch"
1104054,"Trunk"
1105220,"36 Branch"
1105876,"34 Branch"
1106072,"Trunk"
1106101,"36 Branch"
1106271,"37 Branch"
1106331,"36 Branch"
1106333,"36 Branch"
1106912,"Trunk"
1107488,"36 Branch"
1107695,"Trunk"
1107928,"33 Branch"
1108225,"34 Branch"
1108285,"34 Branch"
1108827,"34 Branch"
1109636,"36 Branch"
1109788,"Trunk"
1110123,"37 Branch"
1110511,"Trunk"
1110671,"34 Branch"
1110711,"Trunk"
1111165,"34 Branch"
1111263,"33 Branch"
1111629,"37 Branch"
1111705,"37 Branch"
1111719,"Trunk"
1111960,"37 Branch"
1112408,"Trunk"
1113190,"Trunk"
1113268,"34 Branch"
1113629,"36 Branch"
1114614,"Trunk"
1114702,"Trunk"
1114711,"unspecified"
1114950,"37 Branch"
1115008,"Trunk"
1115248,"unspecified"
1115717,"Trunk"
1115933,"34 Branch"
1115937,"unspecified"
1115945,"34 Branch"
1116209,"unspecified"
1117001,"32 Branch"
1117145,"Trunk"
1117150,"37 Branch"
1117289,"Trunk"
1117471,"34 Branch"
1117546,"34 Branch"
1118474,"unspecified"
1118958,"36 Branch"
1119074,"Trunk"
1119229,"Trunk"
1119354,"36 Branch"
1119812,"Trunk"
1119814,"Trunk"
1119841,"36 Branch"
1119987,"Trunk"
1120189,"Trunk"
1120215,"34 Branch"
1120405,"37 Branch"
1120554,"unspecified"
1120797,"34 Branch"
1120894,"34 Branch"
1121101,"Trunk"
1121326,"34 Branch"
1122280,"Trunk"
1122493,"Trunk"
1122726,"unspecified"
1123601,"35 Branch"
1123756,"38 Branch"
1123817,"Trunk"
1123898,"unspecified"
1123944,"Trunk"
1123972,"unspecified"
1125109,"37 Branch"
1125247,"36 Branch"
1125610,"38 Branch"
1126663,"Trunk"
1126895,"35 Branch"
1127302,"37 Branch"
1127337,"Trunk"
1127514,"Trunk"
1127551,"35 Branch"
1127737,"38 Branch"
1128151,"unspecified"
1128348,"35 Branch"
1128626,"Trunk"
1128772,"35 Branch"
1129215,"Trunk"
1129569,"35 Branch"
1129740,"unspecified"
1129947,"Trunk"
1130447,"37 Branch"
1130588,"unspecified"
1130714,"35 Branch"
1130735,"31 Branch"
1130796,"35 Branch"
1131185,"35 Branch"
1131565,"35 Branch"
1131816,"34 Branch"
1132077,"37 Branch"
1132841,"35 Branch"
1133480,"unspecified"
1133596,"Trunk"
1133716,"unspecified"
1134008,"unspecified"
1134307,"unspecified"
1134975,"35 Branch"
1135274,"unspecified"
1135416,"38 Branch"
1135421,"37 Branch"
1135594,"36 Branch"
1136016,"38 Branch"
1136019,"unspecified"
1136674,"36 Branch"
1137922,"36 Branch"
1137997,"31 Branch"
1138118,"unspecified"
1138144,"36 Branch"
1138507,"unspecified"
1138868,"unspecified"
1138885,"unspecified"
1139375,"Trunk"
1139449,"unspecified"
1139822,"Trunk"
1139853,"36 Branch"
1139879,"unspecified"
1140356,"36 Branch"
1140631,"36 Branch"
1141146,"Trunk"
1141337,"Trunk"
1142092,"Trunk"
1142334,"Trunk"
1142985,"Trunk"
1143404,"36 Branch"
1143462,"36 Branch"
1143483,"38 Branch"
1144110,"36 Branch"
1144722,"Trunk"
1144992,"39 Branch"
1145003,"39 Branch"
1145096,"unspecified"
1145525,"36 Branch"
1145855,"Trunk"
1146089,"36 Branch"
1146205,"36 Branch"
1146327,"Trunk"
1146555,"Trunk"
1146988,"39 Branch"
1147017,"Trunk"
1147327,"39 Branch"
1147396,"Trunk"
1147437,"35 Branch"
1147702,"unspecified"
1147950,"unspecified"
1148010,"Trunk"
1149471,"36 Branch"
1149505,"38 Branch"
1149669,"36 Branch"
1149933,"37 Branch"
1150204,"36 Branch"
1150374,"36 Branch"
1150844,"Trunk"
1150875,"unspecified"
1151317,"33 Branch"
1151420,"37 Branch"
1152795,"37 Branch"
1153029,"unspecified"
1153309,"unspecified"
1153393,"39 Branch"
1153430,"Trunk"
1153537,"37 Branch"
1153756,"37 Branch"
1154129,"37 Branch"
1154265,"37 Branch"
1154609,"37 Branch"
1154621,"37 Branch"
1154657,"unspecified"
1154660,"unspecified"
1156048,"36 Branch"
1156073,"38 Branch"
1156132,"38 Branch"
1156176,"39 Branch"
1156670,"40 Branch"
1156853,"unspecified"
1157846,"unspecified"
1157941,"40 Branch"
1158095,"unspecified"
1158294,"38 Branch"
1158438,"38 Branch"
1158559,"37 Branch"
1158977,"38 Branch"
1159707,"38 Branch"
1160068,"37 Branch"
1160682,"unspecified"
1160825,"unspecified"
1161138,"Trunk"
1161290,"unspecified"
1161599,"Trunk"
1161822,"37 Branch"
1161996,"37 Branch"
1162114,"37 Branch"
1162356,"37 Branch"
1162367,"38 Branch"
1163010,"37 Branch"
1163352,"38 Branch"
1163376,"37 Branch"
1163422,"40 Branch"
1163521,"37 Branch"
1163954,"Trunk"
1164303,"Trunk"
1164649,"Trunk"
1164724,"38 Branch"
1164931,"Trunk"
1165663,"39 Branch"
1166013,"unspecified"
1166213,"38 Branch"
1166259,"38 Branch"
1166601,"unspecified"
1167398,"unspecified"
1167441,"41 Branch"
1167575,"Trunk"
1167750,"Trunk"
1167802,"34 Branch"
1167989,"Trunk"
1167996,"unspecified"
1168334,"38 Branch"
1168370,"unspecified"
1168556,"40 Branch"
1168742,"38 Branch"
1168774,"38 Branch"
1169277,"38 Branch"
1169283,"38 Branch"
1169291,"38 Branch"
1169306,"Trunk"
1169704,"40 Branch"
1170240,"unspecified"
1170759,"Trunk"
1171005,"7 Branch"
1171308,"38 Branch"
1171360,"33 Branch"
1171391,"Trunk"
1171708,"34 Branch"
1171887,"unspecified"
1172366,"40 Branch"
1172415,"40 Branch"
1172417,"38 Branch"
1172579,"unspecified"
1172828,"38 Branch"
1172890,"Trunk"
1173062,"40 Branch"
1173419,"unspecified"
1173715,"Trunk"
1174195,"38 Branch"
1174434,"Trunk"
1174563,"38 Branch"
1174713,"40 Branch"
1174862,"38 Branch"
1175096,"40 Branch"
1175223,"unspecified"
1175234,"38 Branch"
1175329,"unspecified"
1175362,"38 Branch"
1176020,"37 Branch"
1176091,"41 Branch"
1176233,"Trunk"
1176394,"39 Branch"
1176480,"unspecified"
1176610,"unspecified"
1176742,"Trunk"
1176868,"1.0 Branch"
1177086,"38 Branch"
1177092,"Trunk"
1177162,"unspecified"
1177237,"unspecified"
1177310,"34 Branch"
1177700,"38 Branch"
1177725,"40 Branch"
1177890,"40 Branch"
1178075,"unspecified"
1179034,"unspecified"
1180162,"unspecified"
1180583,"41 Branch"
1180587,"unspecified"
1180991,"42 Branch"
1181015,"42 Branch"
1181091,"40 Branch"
1181169,"Trunk"
1181309,"unspecified"
1181366,"39 Branch"
1181474,"Trunk"
1181972,"38 Branch"
1182050,"39 Branch"
1182051,"39 Branch"
1182061,"38 Branch"
1182107,"unspecified"
1182392,"38 Branch"
1182437,"31 Branch"
1182501,"31 Branch"
1182783,"41 Branch"
1182868,"42 Branch"
1182948,"unspecified"
1183091,"Trunk"
1183574,"Trunk"
1183669,"Trunk"
1183794,"42 Branch"
1183797,"39 Branch"
1183932,"Trunk"
1184011,"41 Branch"
1184063,"39 Branch"
1184098,"39 Branch"
1184102,"unspecified"
1184104,"39 Branch"
1184314,"40 Branch"
1184663,"unspecified"
1184914,"unspecified"
1184989,"unspecified"
1185209,"unspecified"
1185210,"unspecified"
1185224,"42 Branch"
1185369,"39 Branch"
1185526,"unspecified"
1185978,"Trunk"
1186175,"39 Branch"
1186190,"Trunk"
1186220,"unspecified"
1186506,"unspecified"
1186548,"42 Branch"
1186711,"39 Branch"
1186892,"42 Branch"
1187017,"39 Branch"
1187190,"Trunk"
1187653,"Trunk"
1187753,"Trunk"
1188592,"1.0 Branch"
1188660,"unspecified"
1188828,"41 Branch"
1188874,"Trunk"
1188912,"unspecified"
1189082,"39 Branch"
1189151,"39 Branch"
1189212,"Trunk"
1189419,"Trunk"
1189590,"unspecified"
1190001,"unspecified"
1190229,"Trunk"
1190406,"39 Branch"
1190770,"42 Branch"
1191175,"unspecified"
1191271,"unspecified"
1191559,"42 Branch"
1191716,"39 Branch"
1191743,"Trunk"
1191778,"Trunk"
1191795,"41 Branch"
1191966,"Trunk"
1191976,"unspecified"
1192434,"Trunk"
1192559,"52 Branch"
1192614,"Trunk"
1192625,"Trunk"
1192742,"39 Branch"
1193103,"39 Branch"
1193404,"Trunk"
1193680,"41 Branch"
1193685,"41 Branch"
1193718,"42 Branch"
1193830,"unspecified"
1194122,"38 Branch"
1194471,"41 Branch"
1194506,"unspecified"
1194510,"unspecified"
1194530,"38 Branch"
1194695,"unspecified"
1194700,"42 Branch"
1194846,"Trunk"
1194897,"Trunk"
1195056,"42 Branch"
1195212,"Trunk"
1195295,"unspecified"
1195333,"unspecified"
1195350,"40 Branch"
1195438,"unspecified"
1195464,"40 Branch"
1195508,"unspecified"
1195649,"40 Branch"
1195654,"40 Branch"
1195711,"40 Branch"
1195715,"40 Branch"
1195753,"Trunk"
1196056,"Trunk"
1196098,"42 Branch"
1196161,"Trunk"
1196892,"42 Branch"
1197118,"Trunk"
1197157,"51 Branch"
1197555,"40 Branch"
1197564,"40 Branch"
1197573,"unspecified"
1197583,"43 Branch"
1197778,"43 Branch"
1198088,"unspecified"
1198181,"Trunk"
1198187,"Trunk"
1198201,"Trunk"
1198236,"Trunk"
1198323,"Trunk"
1198359,"45 Branch"
1198457,"40 Branch"
1198648,"40 Branch"
1198661,"43 Branch"
1198863,"40 Branch"
1199237,"29 Branch"
1199503,"42 Branch"
1199601,"Trunk"
1199678,"Trunk"
1199875,"Trunk"
1199906,"43 Branch"
1199934,"40 Branch"
1199953,"unspecified"
1200877,"41 Branch"
1201352,"47 Branch"
1201365,"Trunk"
1201437,"41 Branch"
1201922,"42 Branch"
1201973,"40 Branch"
1202075,"unspecified"
1202149,"42 Branch"
1202200,"Trunk"
1202201,"Trunk"
1202280,"Trunk"
1202298,"40 Branch"
1202544,"Trunk"
1202634,"unspecified"
1202695,"43 Branch"
1203062,"42 Branch"
1203097,"Trunk"
1203168,"Trunk"
1203536,"Trunk"
1203743,"Trunk"
1203801,"43 Branch"
1203818,"Trunk"
1204016,"Trunk"
1204176,"43 Branch"
1204180,"42 Branch"
1204203,"Trunk"
1204226,"41 Branch"
1204252,"Trunk"
1204320,"38 Branch"
1204440,"40 Branch"
1204445,"40 Branch"
1204673,"Trunk"
1204699,"unspecified"
1204786,"Trunk"
1204969,"41 Branch"
1205517,"Trunk"
1205718,"42 Branch"
1206205,"40 Branch"
1206229,"unspecified"
1206244,"unspecified"
1206245,"unspecified"
1206251,"unspecified"
1206511,"40 Branch"
1206709,"unspecified"
1206842,"41 Branch"
1207089,"Trunk"
1207146,"Trunk"
1207285,"43 Branch"
1207533,"42 Branch"
1207535,"Trunk"
1207746,"42 Branch"
1207754,"41 Branch"
1207834,"unspecified"
1208187,"41 Branch"
1208343,"41 Branch"
1208430,"39 Branch"
1208784,"44 Branch"
1208801,"42 Branch"
1208972,"Trunk"
1209752,"unspecified"
1210335,"unspecified"
1210366,"43 Branch"
1210519,"41 Branch"
1210768,"unspecified"
1210811,"unspecified"
1210958,"unspecified"
1211043,"unspecified"
1211086,"Trunk"
1211087,"Trunk"
1211088,"Trunk"
1211182,"Trunk"
1211199,"41 Branch"
1211208,"41 Branch"
1211273,"Trunk"
1211311,"Trunk"
1211483,"42 Branch"
1211485,"44 Branch"
1211557,"unspecified"
1211637,"unspecified"
1211638,"unspecified"
1211639,"unspecified"
1211797,"unspecified"
1211844,"41 Branch"
1212057,"unspecified"
1212065,"unspecified"
1212167,"41 Branch"
1212436,"unspecified"
1212635,"40 Branch"
1212977,"44 Branch"
1213321,"Trunk"
1213322,"41 Branch"
1213419,"unspecified"
1213927,"38 Branch"
1214253,"44 Branch"
1214419,"unspecified"
1214723,"Trunk"
1214801,"unspecified"
1214849,"unspecified"
1214888,"unspecified"
1214915,"unspecified"
1215030,"41 Branch"
1215220,"41 Branch"
1215638,"unspecified"
1215691,"42 Branch"
1215873,"Trunk"
1215914,"Trunk"
1215948,"41 Branch"
1216173,"unspecified"
1216189,"41 Branch"
1216245,"43 Branch"
1216802,"44 Branch"
1216828,"41 Branch"
1216899,"41 Branch"
1216920,"unspecified"
1217034,"Trunk"
1217586,"43 Branch"
1217599,"Trunk"
1217766,"Trunk"
1217869,"38 Branch"
1217904,"44 Branch"
1217980,"44 Branch"
1218014,"unspecified"
1218075,"41 Branch"
1218167,"38 Branch"
1218208,"41 Branch"
1218465,"44 Branch"
1218594,"unspecified"
1218622,"unspecified"
1218686,"41 Branch"
1218765,"42 Branch"
1218937,"unspecified"
1219101,"Trunk"
1219167,"41 Branch"
1219215,"Trunk"
1219439,"41 Branch"
1219509,"41 Branch"
1219520,"38 Branch"
1219590,"38 Branch"
1219638,"Trunk"
1219788,"unspecified"
1220401,"41 Branch"
1220469,"41 Branch"
1220481,"unspecified"
1220966,"Trunk"
1220971,"Trunk"
1221041,"unspecified"
1221097,"unspecified"
1221174,"40 Branch"
1221309,"unspecified"
1221383,"Trunk"
1222258,"unspecified"
1222275,"unspecified"
1222373,"43 Branch"
1222568,"unspecified"
1222594,"Trunk"
1222728,"42 Branch"
1222765,"43 Branch"
1222891,"unspecified"
1223049,"Trunk"
1223326,"unspecified"
1223345,"38 Branch"
1223681,"44 Branch"
1223839,"Trunk"
1223847,"40 Branch"
1224039,"50 Branch"
1224157,"43 Branch"
1224297,"42 Branch"
1224372,"unspecified"
1224393,"unspecified"
1224644,"Trunk"
1224653,"Trunk"
1224732,"Trunk"
1224801,"43 Branch"
1224860,"42 Branch"
1224879,"Trunk"
1224909,"unspecified"
1224960,"42 Branch"
1225326,"45 Branch"
1225386,"Trunk"
1225694,"Trunk"
1225712,"Trunk"
1225921,"unspecified"
1226333,"unspecified"
1226480,"45 Branch"
1226560,"45 Branch"
1226564,"unspecified"
1226937,"Trunk"
1227002,"unspecified"
1227358,"Trunk"
1227383,"Trunk"
1227444,"45 Branch"
1227527,"unspecified"
1227540,"43 Branch"
1228085,"Trunk"
1228258,"Trunk"
1228537,"Trunk"
1228594,"Trunk"
1228979,"unspecified"
1229236,"unspecified"
1229364,"Trunk"
1229727,"Trunk"
1229927,"unspecified"
1229937,"Trunk"
1230062,"44 Branch"
1230339,"43 Branch"
1230638,"Trunk"
1230656,"Trunk"
1230717,"Trunk"
1230821,"42 Branch"
1231127,"unspecified"
1231145,"Trunk"
1231173,"42 Branch"
1231422,"Trunk"
1231424,"Trunk"
1231728,"unspecified"
1232132,"Trunk"
1232148,"unspecified"
1232586,"unspecified"
1232679,"43 Branch"
1232955,"43 Branch"
1233010,"unspecified"
1233266,"unspecified"
1233280,"42 Branch"
1233307,"43 Branch"
1233340,"43 Branch"
1233497,"unspecified"
1233671,"43 Branch"
1233672,"43 Branch"
1233795,"46 Branch"
1233803,"unspecified"
1233982,"43 Branch"
1234013,"43 Branch"
1234186,"43 Branch"
1234370,"43 Branch"
1234415,"unspecified"
1234431,"Trunk"
1234538,"46 Branch"
1234543,"43 Branch"
1234565,"Trunk"
1234673,"Trunk"
1234805,"unspecified"
1234844,"unspecified"
1235256,"Trunk"
1235434,"43 Branch"
1235482,"43 Branch"
1235483,"43 Branch"
1235645,"43 Branch"
1235695,"unspecified"
1235822,"43 Branch"
1235835,"unspecified"
1235836,"unspecified"
1235838,"26 Branch"
1236209,"43 Branch"
1236265,"43 Branch"
1236314,"unspecified"
1236363,"43 Branch"
1236481,"45 Branch"
1236601,"43 Branch"
1236713,"unspecified"
1236897,"unspecified"
1236930,"unspecified"
1237055,"43 Branch"
1237079,"43 Branch"
1237255,"46 Branch"
1237839,"45 Branch"
1237884,"45 Branch"
1237941,"Trunk"
1238011,"43 Branch"
1238065,"Trunk"
1238181,"Trunk"
1238220,"unspecified"
1238232,"43 Branch"
1238287,"Trunk"
1238360,"38 Branch"
1238421,"43 Branch"
1238700,"43 Branch"
1238712,"Trunk"
1238756,"43 Branch"
1238856,"46 Branch"
1238866,"45 Branch"
1238871,"Trunk"
1238955,"Trunk"
1239052,"43 Branch"
1239517,"Trunk"
1239518,"Trunk"
1239583,"unspecified"
1239663,"Trunk"
1240028,"43 Branch"
1240030,"43 Branch"
1240181,"Trunk"
1240217,"39 Branch"
1240395,"Trunk"
1240408,"Trunk"
1240439,"Trunk"
1240443,"unspecified"
1240447,"unspecified"
1241084,"Trunk"
1241147,"Trunk"
1241285,"Trunk"
1241316,"unspecified"
1241429,"44 Branch"
1241436,"Trunk"
1241537,"unspecified"
1241571,"unspecified"
1241632,"unspecified"
1241652,"unspecified"
1241699,"unspecified"
1241740,"44 Branch"
1241746,"unspecified"
1241892,"45 Branch"
1241993,"Trunk"
1242073,"Trunk"
1242142,"30 Branch"
1242233,"unspecified"
1242764,"Trunk"
1243002,"43 Branch"
1243014,"Trunk"
1243034,"43 Branch"
1243295,"43 Branch"
1243353,"Trunk"
1243378,"Trunk"
1243445,"Trunk"
1243517,"unspecified"
1243622,"unspecified"
1243643,"47 Branch"
1243806,"46 Branch"
1243840,"Trunk"
1243933,"43 Branch"
1244037,"unspecified"
1244043,"unspecified"
1244221,"44 Branch"
1244288,"unspecified"
1244317,"Trunk"
1244444,"unspecified"
1244522,"46 Branch"
1244597,"unspecified"
1244625,"43 Branch"
1244666,"42 Branch"
1244849,"44 Branch"
1245224,"unspecified"
1245357,"unspecified"
1245367,"unspecified"
1245721,"Trunk"
1245799,"Trunk"
1245803,"Trunk"
1245813,"Trunk"
1245867,"unspecified"
1245894,"unspecified"
1246115,"Trunk"
1246189,"46 Branch"
1246202,"unspecified"
1246204,"44 Branch"
1246226,"44 Branch"
1246276,"unspecified"
1246291,"46 Branch"
1246488,"44 Branch"
1246606,"unspecified"
1246840,"Trunk"
1247100,"Trunk"
1247110,"Trunk"
1247214,"Trunk"
1247265,"Trunk"
1247402,"46 Branch"
1247404,"44 Branch"
1247449,"45 Branch"
1247451,"44 Branch"
1247823,"Trunk"
1248098,"44 Branch"
1248120,"47 Branch"
1248143,"46 Branch"
1248302,"Trunk"
1248304,"46 Branch"
1248423,"unspecified"
1248520,"unspecified"
1248549,"44 Branch"
1248639,"47 Branch"
1249023,"Trunk"
1249209,"unspecified"
1249234,"Trunk"
1249362,"42 Branch"
1249494,"45 Branch"
1249619,"47 Branch"
1249665,"unspecified"
1249712,"Trunk"
1249818,"47 Branch"
1249918,"Trunk"
1249958,"44 Branch"
1250045,"unspecified"
1250065,"47 Branch"
1250079,"43 Branch"
1250088,"45 Branch"
1250203,"47 Branch"
1250235,"44 Branch"
1250243,"45 Branch"
1250319,"Trunk"
1250362,"46 Branch"
1250424,"46 Branch"
1250472,"44 Branch"
1250713,"44 Branch"
1250901,"Trunk"
1250958,"Trunk"
1250979,"Trunk"
1251015,"Trunk"
1251073,"Trunk"
1251134,"unspecified"
1251376,"Trunk"
1251377,"Trunk"
1251385,"Trunk"
1251387,"Trunk"
1251388,"Trunk"
1251425,"unspecified"
1251469,"unspecified"
1251545,"Trunk"
1251547,"Trunk"
1251549,"Trunk"
1251551,"Trunk"
1251555,"Trunk"
1251568,"Trunk"
1251579,"44 Branch"
1251687,"unspecified"
1251827,"38 Branch"
1251840,"44 Branch"
1251841,"Trunk"
1251851,"44 Branch"
1251924,"45 Branch"
1251982,"Trunk"
1251998,"44 Branch"
1252006,"unspecified"
1252029,"45 Branch"
1252090,"38 Branch"
1252102,"47 Branch"
1252327,"44 Branch"
1252420,"44 Branch"
1252509,"Trunk"
1252627,"Trunk"
1252634,"Trunk"
1252668,"unspecified"
1252764,"44 Branch"
1252781,"unspecified"
1252984,"Trunk"
1253157,"unspecified"
1253264,"unspecified"
1253272,"unspecified"
1253372,"44 Branch"
1253520,"unspecified"
1253604,"47 Branch"
1253613,"47 Branch"
1253771,"Trunk"
1253787,"47 Branch"
1253796,"unspecified"
1253892,"unspecified"
1254022,"unspecified"
1254023,"unspecified"
1254160,"unspecified"
1254215,"42 Branch"
1254304,"unspecified"
1254415,"Trunk"
1254416,"Trunk"
1254678,"Trunk"
1254740,"unspecified"
1254842,"unspecified"
1254843,"unspecified"
1254852,"unspecified"
1254971,"Trunk"
1255019,"Trunk"
1255286,"45 Branch"
1255292,"unspecified"
1255361,"unspecified"
1255364,"45 Branch"
1255512,"Trunk"
1255557,"Trunk"
1255576,"47 Branch"
1255578,"45 Branch"
1255592,"unspecified"
1255612,"unspecified"
1255977,"unspecified"
1255989,"Trunk"
1256052,"unspecified"
1256056,"Trunk"
1256076,"Trunk"
1256085,"Trunk"
1256177,"45 Branch"
1256191,"45 Branch"
1256193,"Trunk"
1256279,"Trunk"
1256359,"Trunk"
1256450,"unspecified"
1256458,"unspecified"
1256538,"unspecified"
1256667,"48 Branch"
1256703,"Trunk"
1257074,"unspecified"
1257087,"48 Branch"
1257222,"Trunk"
1257429,"unspecified"
1257484,"47 Branch"
1257544,"Trunk"
1257549,"45 Branch"
1257554,"Trunk"
1257599,"unspecified"
1257642,"Trunk"
1257792,"unspecified"
1257848,"45 Branch"
1257898,"unspecified"
1257993,"unspecified"
1258041,"unspecified"
1258142,"Trunk"
1258274,"45 Branch"
1258315,"45 Branch"
1258363,"45 Branch"
1258515,"45 Branch"
1258932,"28 Branch"
1258943,"unspecified"
1259013,"Trunk"
1259028,"Trunk"
1259095,"Trunk"
1259133,"45 Branch"
1259185,"46 Branch"
1259323,"unspecified"
1259329,"unspecified"
1259340,"unspecified"
1259384,"Trunk"
1259386,"45 Branch"
1259396,"Trunk"
1259443,"Trunk"
1259464,"unspecified"
1259538,"48 Branch"
1259601,"Trunk"
1259602,"Trunk"
1259611,"unspecified"
1259700,"Trunk"
1259849,"43 Branch"
1259859,"Trunk"
1259915,"Trunk"
1259918,"Trunk"
1260103,"Trunk"
1260184,"unspecified"
1260199,"unspecified"
1260206,"unspecified"
1260316,"unspecified"
1260409,"Trunk"
1260460,"unspecified"
1260461,"45 Branch"
1260530,"47 Branch"
1260585,"41 Branch"
1260763,"46 Branch"
1260816,"43 Branch"
1260850,"45 Branch"
1261140,"unspecified"
1261147,"45 Branch"
1261220,"unspecified"
1261352,"Trunk"
1261386,"unspecified"
1261652,"45 Branch"
1261681,"45 Branch"
1261746,"47 Branch"
1261782,"45 Branch"
1261924,"45 Branch"
1262021,"unspecified"
1262035,"45 Branch"
1262138,"Trunk"
1262156,"Trunk"
1262188,"31 Branch"
1262327,"Trunk"
1262368,"Trunk"
1262447,"47 Branch"
1262519,"unspecified"
1262622,"unspecified"
1262700,"unspecified"
1262701,"unspecified"
1262706,"unspecified"
1262720,"unspecified"
1262775,"Trunk"
1262777,"Trunk"
1262786,"46 Branch"
1262790,"45 Branch"
1262964,"unspecified"
1263154,"45 Branch"
1263171,"44 Branch"
1263369,"Trunk"
1263482,"Trunk"
1264081,"Trunk"
1264112,"48 Branch"
1264114,"48 Branch"
1264124,"45 Branch"
1264185,"38 Branch"
1264251,"45 Branch"
1264401,"45 Branch"
1264402,"48 Branch"
1264423,"48 Branch"
1264475,"Trunk"
1264498,"unspecified"
1264615,"45 Branch"
1264643,"48 Branch"
1264871,"45 Branch"
1264968,"44 Branch"
1265017,"Trunk"
1265055,"Trunk"
1265066,"Trunk"
1265073,"unspecified"
1265109,"45 Branch"
1265128,"38 Branch"
1265214,"unspecified"
1265215,"Trunk"
1265217,"Trunk"
1265241,"unspecified"
1265287,"44 Branch"
1265341,"Trunk"
1265359,"Trunk"
1265368,"Trunk"
1265382,"Trunk"
1265387,"Trunk"
1265419,"unspecified"
1265572,"45 Branch"
1265738,"Trunk"
1266374,"Trunk"
1266375,"Trunk"
1266409,"48 Branch"
1266499,"Trunk"
1266593,"Trunk"
1266611,"unspecified"
1266708,"48 Branch"
1266829,"unspecified"
1266856,"unspecified"
1266949,"Trunk"
1266952,"Trunk"
1267042,"45 Branch"
1267055,"47 Branch"
1267126,"unspecified"
1267353,"45 Branch"
1267355,"unspecified"
1267421,"Trunk"
1267499,"unspecified"
1267501,"48 Branch"
1267516,"48 Branch"
1267558,"Trunk"
1267604,"Trunk"
1267606,"Trunk"
1267607,"Trunk"
1267609,"Trunk"
1267610,"Trunk"
1267611,"Trunk"
1267621,"Trunk"
1267622,"Trunk"
1267626,"Trunk"
1267627,"Trunk"
1267628,"Trunk"
1267630,"Trunk"
1267632,"Trunk"
1267633,"Trunk"
1267635,"Trunk"
1267646,"43 Branch"
1267689,"unspecified"
1267731,"46 Branch"
1267917,"unspecified"
1267919,"unspecified"
1267939,"48 Branch"
1268036,"Trunk"
1268091,"45 Branch"
1268127,"49 Branch"
1268164,"48 Branch"
1268175,"Trunk"
1268268,"49 Branch"
1268301,"unspecified"
1268369,"Trunk"
1268462,"46 Branch"
1268500,"46 Branch"
1268595,"Trunk"
1268848,"Trunk"
1268912,"Trunk"
1268921,"46 Branch"
1268943,"46 Branch"
1269075,"unspecified"
1269093,"48 Branch"
1269106,"46 Branch"
1269120,"40 Branch"
1269163,"46 Branch"
1269220,"46 Branch"
1269225,"43 Branch"
1269227,"38 Branch"
1269296,"Trunk"
1269335,"46 Branch"
1269344,"49 Branch"
1269348,"49 Branch"
1269414,"unspecified"
1269418,"38 Branch"
1269447,"46 Branch"
1269455,"44 Branch"
1269460,"47 Branch"
1269462,"48 Branch"
1269515,"46 Branch"
1269520,"46 Branch"
1269522,"46 Branch"
1269533,"45 Branch"
1269746,"Trunk"
1269771,"45 Branch"
1269820,"unspecified"
1269859,"45 Branch"
1269902,"47 Branch"
1269904,"47 Branch"
1269964,"unspecified"
1270090,"unspecified"
1270148,"Trunk"
1270160,"40 Branch"
1270298,"46 Branch"
1270361,"45 Branch"
1270395,"48 Branch"
1270397,"46 Branch"
1270407,"48 Branch"
1270418,"unspecified"
1270490,"Trunk"
1270496,"48 Branch"
1270564,"unspecified"
1270570,"unspecified"
1270580,"45 Branch"
1270677,"Trunk"
1270770,"46 Branch"
1270868,"45 Branch"
1270895,"46 Branch"
1270924,"48 Branch"
1270948,"unspecified"
1270949,"46 Branch"
1271049,"44 Branch"
1271075,"Trunk"
1271124,"unspecified"
1271130,"45 Branch"
1271222,"2.0 Branch"
1271233,"2.0 Branch"
1271244,"Trunk"
1271245,"Trunk"
1271258,"46 Branch"
1271301,"46 Branch"
1271367,"unspecified"
1271387,"unspecified"
1271396,"46 Branch"
1271430,"unspecified"
1271434,"46 Branch"
1271474,"Trunk"
1271607,"48 Branch"
1271668,"Trunk"
1271718,"49 Branch"
1271725,"49 Branch"
1271750,"49 Branch"
1271775,"Trunk"
1271779,"Trunk"
1271799,"Trunk"
1271868,"unspecified"
1271875,"unspecified"
1271941,"Trunk"
1272107,"unspecified"
1272128,"46 Branch"
1272140,"46 Branch"
1272227,"46 Branch"
1272263,"49 Branch"
1272346,"Trunk"
1272462,"unspecified"
1272531,"Trunk"
1272631,"46 Branch"
1272652,"47 Branch"
1272692,"Trunk"
1272711,"Trunk"
1272820,"48 Branch"
1272879,"49 Branch"
1272949,"46 Branch"
1272951,"47 Branch"
1272952,"46 Branch"
1272963,"46 Branch"
1272971,"46 Branch"
1272979,"46 Branch"
1272981,"46 Branch"
1272986,"unspecified"
1273073,"unspecified"
1273077,"48 Branch"
1273113,"Trunk"
1273117,"Trunk"
1273144,"unspecified"
1273187,"49 Branch"
1273191,"unspecified"
1273277,"unspecified"
1273342,"unspecified"
1273343,"unspecified"
1273344,"Trunk"
1273445,"Trunk"
1273515,"Trunk"
1273517,"48 Branch"
1273532,"47 Branch"
1273535,"Trunk"
1273554,"46 Branch"
1273562,"Trunk"
1273587,"unspecified"
1273588,"46 Branch"
1273697,"44 Branch"
1273708,"49 Branch"
1273719,"unspecified"
1273735,"47 Branch"
1273770,"41 Branch"
1273869,"unspecified"
1273906,"unspecified"
1273943,"Trunk"
1273971,"unspecified"
1273980,"unspecified"
1274007,"Trunk"
1274010,"46 Branch"
1274108,"unspecified"
1274117,"unspecified"
1274121,"unspecified"
1274201,"unspecified"
1274208,"unspecified"
1274215,"unspecified"
1274240,"42 Branch"
1274241,"Trunk"
1274281,"unspecified"
1274299,"Trunk"
1274317,"unspecified"
1274332,"Trunk"
1274373,"47 Branch"
1274453,"Trunk"
1274480,"Trunk"
1274485,"46 Branch"
1274492,"unspecified"
1274502,"unspecified"
1274517,"unspecified"
1274530,"46 Branch"
1274545,"Trunk"
1274592,"unspecified"
1274594,"unspecified"
1274633,"unspecified"
1274761,"unspecified"
1274787,"Trunk"
1274813,"46 Branch"
1274814,"49 Branch"
1274834,"43 Branch"
1274870,"Trunk"
1274993,"unspecified"
1275031,"48 Branch"
1275039,"46 Branch"
1275040,"48 Branch"
1275041,"46 Branch"
1275089,"Trunk"
1275114,"Trunk"
1275120,"47 Branch"
1275139,"unspecified"
1275153,"unspecified"
1275383,"unspecified"
1275386,"unspecified"
1275415,"unspecified"
1275429,"47 Branch"
1275445,"unspecified"
1275480,"46 Branch"
1275532,"46 Branch"
1275625,"46 Branch"
1275650,"unspecified"
1275710,"49 Branch"
1275857,"Trunk"
1275871,"Trunk"
1275896,"unspecified"
1275915,"unspecified"
1275927,"unspecified"
1275932,"Trunk"
1275946,"Trunk"
1275967,"unspecified"
1276027,"Trunk"
1276054,"Trunk"
1276071,"unspecified"
1276079,"46 Branch"
1276090,"unspecified"
1276116,"49 Branch"
1276117,"48 Branch"
1276120,"48 Branch"
1276124,"unspecified"
1276311,"46 Branch"
1276316,"47 Branch"
1276321,"Trunk"
1276423,"Trunk"
1276514,"unspecified"
1276565,"unspecified"
1276575,"46 Branch"
1276580,"46 Branch"
1276623,"46 Branch"
1276653,"unspecified"
1276680,"Trunk"
1276694,"Trunk"
1276700,"49 Branch"
1276701,"Trunk"
1276704,"49 Branch"
1276725,"46 Branch"
1276737,"49 Branch"
1276740,"unspecified"
1276809,"48 Branch"
1276823,"unspecified"
1276892,"49 Branch"
1276932,"Trunk"
1276937,"46 Branch"
1276939,"46 Branch"
1276944,"unspecified"
1276956,"Trunk"
1276969,"Trunk"
1276990,"48 Branch"
1276998,"unspecified"
1277026,"unspecified"
1277072,"46 Branch"
1277153,"45 Branch"
1277242,"49 Branch"
1277270,"Trunk"
1277276,"46 Branch"
1277279,"46 Branch"
1277282,"49 Branch"
1277286,"49 Branch"
1277287,"49 Branch"
1277289,"Trunk"
1277385,"49 Branch"
1277445,"unspecified"
1277458,"unspecified"
1277470,"46 Branch"
1277509,"48 Branch"
1277561,"49 Branch"
1277605,"46 Branch"
1277627,"unspecified"
1277630,"unspecified"
1277633,"49 Branch"
1277638,"Trunk"
1277651,"48 Branch"
1277668,"Trunk"
1277669,"Trunk"
1277693,"46 Branch"
1277716,"48 Branch"
1277764,"unspecified"
1277765,"unspecified"
1277831,"Trunk"
1277860,"unspecified"
1277864,"48 Branch"
1277865,"unspecified"
1277882,"Trunk"
1277892,"unspecified"
1277910,"Trunk"
1277914,"Trunk"
1277937,"48 Branch"
1277967,"Trunk"
1277983,"unspecified"
1278049,"43 Branch"
1278064,"46 Branch"
1278066,"48 Branch"
1278075,"46 Branch"
1278083,"46 Branch"
1278084,"47 Branch"
1278092,"46 Branch"
1278096,"Trunk"
1278098,"47 Branch"
1278112,"unspecified"
1278121,"48 Branch"
1278122,"46 Branch"
1278133,"49 Branch"
1278176,"unspecified"
1278200,"49 Branch"
1278225,"49 Branch"
1278270,"46 Branch"
1278289,"46 Branch"
1278300,"49 Branch"
1278328,"47 Branch"
1278342,"43 Branch"
1278376,"46 Branch"
1278388,"49 Branch"
1278422,"46 Branch"
1278428,"46 Branch"
1278464,"50 Branch"
1278508,"46 Branch"
1278525,"46 Branch"
1278527,"Trunk"
1278546,"unspecified"
1278548,"unspecified"
1278549,"48 Branch"
1278569,"unspecified"
1278573,"44 Branch"
1278601,"46 Branch"
1278631,"50 Branch"
1278712,"47 Branch"
1278769,"46 Branch"
1278783,"45 Branch"
1278844,"Trunk"
1278924,"47 Branch"
1278926,"Trunk"
1278934,"47 Branch"
1278969,"47 Branch"
1278992,"Trunk"
1278994,"47 Branch"
1279093,"49 Branch"
1279102,"47 Branch"
1279103,"49 Branch"
1279120,"unspecified"
1279127,"47 Branch"
1279130,"47 Branch"
1279140,"49 Branch"
1279143,"49 Branch"
1279145,"unspecified"
1279154,"48 Branch"
1279168,"47 Branch"
1279192,"Trunk"
1279204,"47 Branch"
1279208,"45 Branch"
1279209,"50 Branch"
1279224,"unspecified"
1279225,"47 Branch"
1279229,"Trunk"
1279240,"45 Branch"
1279256,"Trunk"
1279266,"unspecified"
1279280,"48 Branch"
1279329,"47 Branch"
1279342,"20 Branch"
1279391,"47 Branch"
1279424,"48 Branch"
1279425,"48 Branch"
1279430,"50 Branch"
1279434,"Trunk"
1279464,"47 Branch"
1279465,"Trunk"
1279476,"48 Branch"
1279489,"47 Branch"
1279491,"Trunk"
1279501,"Trunk"
1279519,"Trunk"
1279531,"50 Branch"
1279533,"unspecified"
1279561,"47 Branch"
1279589,"Trunk"
1279595,"50 Branch"
1279634,"47 Branch"
1279636,"40 Branch"
1279658,"45 Branch"
1279663,"46 Branch"
1279679,"48 Branch"
1279691,"unspecified"
1279701,"47 Branch"
1279706,"unspecified"
1279709,"47 Branch"
1279711,"50 Branch"
1279745,"47 Branch"
1279776,"47 Branch"
1279794,"47 Branch"
1279837,"46 Branch"
1279845,"Trunk"
1279861,"47 Branch"
1279863,"50 Branch"
1279873,"47 Branch"
1279893,"47 Branch"
1279896,"48 Branch"
1279904,"47 Branch"
1279910,"unspecified"
1279953,"unspecified"
1279959,"47 Branch"
1279964,"47 Branch"
1279971,"Trunk"
1279979,"47 Branch"
1279983,"Trunk"
1279989,"2.0 Branch"
1280000,"46 Branch"
1280002,"49 Branch"
1280018,"unspecified"
1280019,"Trunk"
1280026,"48 Branch"
1280052,"unspecified"
1280068,"50 Branch"
1280069,"Trunk"
1280111,"47 Branch"
1280131,"unspecified"
1280133,"unspecified"
1280134,"unspecified"
1280135,"unspecified"
1280155,"46 Branch"
1280177,"50 Branch"
1280194,"38 Branch"
1280251,"unspecified"
1280268,"50 Branch"
1280282,"50 Branch"
1280284,"47 Branch"
1280298,"47 Branch"
1280319,"unspecified"
1280332,"46 Branch"
1280342,"48 Branch"
1280349,"46 Branch"
1280353,"46 Branch"
1280366,"Trunk"
1280372,"50 Branch"
1280378,"unspecified"
1280381,"unspecified"
1280391,"Trunk"
1280412,"unspecified"
1280457,"Trunk"
1280472,"Trunk"
1280485,"Trunk"
1280501,"47 Branch"
1280510,"unspecified"
1280512,"49 Branch"
1280575,"Trunk"
1280597,"47 Branch"
1280604,"48 Branch"
1280606,"Trunk"
1280618,"Trunk"
1280642,"41 Branch"
1280649,"49 Branch"
1280677,"unspecified"
1280696,"47 Branch"
1280708,"47 Branch"
1280709,"Trunk"
1280713,"unspecified"
1280718,"47 Branch"
1280722,"Trunk"
1280734,"Trunk"
1280740,"47 Branch"
1280748,"Trunk"
1280760,"47 Branch"
1280768,"47 Branch"
1280776,"47 Branch"
1280781,"50 Branch"
1280783,"47 Branch"
1280820,"50 Branch"
1280825,"Trunk"
1280852,"49 Branch"
1280854,"47 Branch"
1280856,"50 Branch"
1280859,"Trunk"
1280860,"46 Branch"
1280869,"45 Branch"
1280919,"Trunk"
1280945,"Trunk"
1280987,"47 Branch"
1280999,"Trunk"
1281006,"47 Branch"
1281008,"Trunk"
1281032,"Trunk"
1281048,"45 Branch"
1281095,"unspecified"
1281097,"47 Branch"
1281116,"47 Branch"
1281147,"47 Branch"
1281172,"48 Branch"
1281174,"Trunk"
1281201,"47 Branch"
1281231,"47 Branch"
1281283,"Trunk"
1281285,"Trunk"
1281288,"Trunk"
1281349,"47 Branch"
1281351,"Trunk"
1281384,"48 Branch"
1281407,"47 Branch"
1281411,"unspecified"
1281427,"unspecified"
1281437,"47 Branch"
1281454,"47 Branch"
1281471,"47 Branch"
1281493,"48 Branch"
1281566,"Trunk"
1281602,"Trunk"
1281628,"47 Branch"
1281630,"Trunk"
1281710,"47 Branch"
1281711,"unspecified"
1281720,"50 Branch"
1281746,"50 Branch"
1281806,"47 Branch"
1281829,"45 Branch"
1281883,"48 Branch"
1281894,"50 Branch"
1281904,"47 Branch"
1281945,"47 Branch"
1281953,"unspecified"
1281959,"unspecified"
1282006,"47 Branch"
1282022,"47 Branch"
1282049,"47 Branch"
1282050,"50 Branch"
1282053,"Trunk"
1282095,"Trunk"
1282111,"48 Branch"
1282120,"Trunk"
1282136,"Trunk"
1282168,"Trunk"
1282169,"47 Branch"
1282190,"48 Branch"
1282201,"50 Branch"
1282202,"47 Branch"
1282216,"42 Branch"
1282217,"45 Branch"
1282223,"Trunk"
1282231,"47 Branch"
1282238,"48 Branch"
1282255,"unspecified"
1282267,"unspecified"
1282270,"unspecified"
1282276,"47 Branch"
1282278,"47 Branch"
1282296,"48 Branch"
1282311,"50 Branch"
1282320,"40 Branch"
1282334,"unspecified"
1282349,"47 Branch"
1282362,"46 Branch"
1282367,"47 Branch"
1282394,"unspecified"
1282416,"45 Branch"
1282469,"unspecified"
1282537,"41 Branch"
1282546,"48 Branch"
1282611,"Trunk"
1282666,"50 Branch"
1282714,"Trunk"
1282739,"47 Branch"
1282774,"50 Branch"
1282794,"50 Branch"
1282802,"47 Branch"
1282813,"48 Branch"
1282846,"49 Branch"
1283003,"48 Branch"
1283031,"50 Branch"
1283046,"49 Branch"
1283050,"47 Branch"
1283066,"Trunk"
1283067,"50 Branch"
1283081,"unspecified"
1283090,"47 Branch"
1283127,"unspecified"
1283179,"Trunk"
1283260,"47 Branch"
1283329,"Trunk"
1283342,"49 Branch"
1283346,"Trunk"
1283351,"47 Branch"
1283352,"Trunk"
1283357,"47 Branch"
1283402,"47 Branch"
1283419,"unspecified"
1283426,"48 Branch"
1283429,"50 Branch"
1283436,"47 Branch"
1283491,"Trunk"
1283531,"47 Branch"
1283542,"50 Branch"
1283557,"50 Branch"
1283565,"Trunk"
1283577,"47 Branch"
1283581,"unspecified"
1283613,"unspecified"
1283621,"47 Branch"
1283672,"47 Branch"
1283675,"47 Branch"
1283736,"47 Branch"
1283788,"47 Branch"
1283812,"Trunk"
1283839,"47 Branch"
1283878,"48 Branch"
1283896,"Trunk"
1283909,"unspecified"
1283965,"unspecified"
1283969,"47 Branch"
1283980,"47 Branch"
1283982,"48 Branch"
1284011,"47 Branch"
1284045,"unspecified"
1284055,"50 Branch"
1284057,"unspecified"
1284068,"unspecified"
1284098,"47 Branch"
1284172,"Trunk"
1284189,"47 Branch"
1284195,"47 Branch"
1284207,"47 Branch"
1284209,"50 Branch"
1284215,"47 Branch"
1284295,"47 Branch"
1284319,"47 Branch"
1284344,"unspecified"
1284426,"47 Branch"
1284462,"unspecified"
1284482,"Trunk"
1284495,"49 Branch"
1284497,"50 Branch"
1284517,"Trunk"
1284563,"Trunk"
1284571,"47 Branch"
1284622,"50 Branch"
1284625,"45 Branch"
1284630,"unspecified"
1284632,"Trunk"
1284687,"45 Branch"
1284718,"47 Branch"
1284764,"unspecified"
1284776,"45 Branch"
1284804,"47 Branch"
1284810,"47 Branch"
1284820,"unspecified"
1284827,"unspecified"
1284829,"unspecified"
1284849,"47 Branch"
1284947,"unspecified"
1284958,"48 Branch"
1284996,"Trunk"
1285012,"unspecified"
1285014,"unspecified"
1285021,"Trunk"
1285043,"50 Branch"
1285124,"Trunk"
1285142,"42 Branch"
1285196,"50 Branch"
1285212,"Trunk"
1285242,"Trunk"
1285321,"unspecified"
1285324,"unspecified"
1285381,"47 Branch"
1285391,"47 Branch"
1285408,"unspecified"
1285418,"Trunk"
1285459,"50 Branch"
1285534,"Trunk"
1285581,"47 Branch"
1285583,"47 Branch"
1285604,"50 Branch"
1285674,"47 Branch"
1285681,"unspecified"
1285684,"47 Branch"
1285688,"47 Branch"
1285727,"Trunk"
1285730,"50 Branch"
1285737,"48 Branch"
1285751,"Trunk"
1285776,"50 Branch"
1285789,"unspecified"
1285815,"47 Branch"
1285818,"48 Branch"
1285822,"47 Branch"
1285828,"48 Branch"
1285891,"Trunk"
1285893,"Trunk"
1285910,"unspecified"
1285941,"unspecified"
1285956,"Trunk"
1285978,"Trunk"
1286015,"50 Branch"
1286061,"47 Branch"
1286077,"unspecified"
1286125,"Trunk"
1286144,"47 Branch"
1286154,"unspecified"
1286164,"47 Branch"
1286169,"unspecified"
1286211,"Trunk"
1286212,"Trunk"
1286263,"unspecified"
1286270,"Trunk"
1286316,"45 Branch"
1286354,"Trunk"
1286403,"unspecified"
1286423,"Trunk"
1286435,"Trunk"
1286456,"Trunk"
1286552,"unspecified"
1286556,"47 Branch"
1286558,"Trunk"
1286626,"47 Branch"
1286651,"Trunk"
1286715,"unspecified"
1286720,"47 Branch"
1286741,"47 Branch"
1286762,"49 Branch"
1286831,"Trunk"
1286832,"Trunk"
1286854,"Trunk"
1286887,"unspecified"
1286915,"Trunk"
1286918,"Trunk"
1286923,"Trunk"
1286930,"Trunk"
1287003,"Trunk"
1287020,"unspecified"
1287061,"50 Branch"
1287109,"50 Branch"
1287160,"Trunk"
1287196,"49 Branch"
1287211,"Trunk"
1287250,"43 Branch"
1287262,"47 Branch"
1287288,"48 Branch"
1287292,"47 Branch"
1287296,"47 Branch"
1287302,"unspecified"
1287317,"48 Branch"
1287333,"47 Branch"
1287372,"50 Branch"
1287384,"50 Branch"
1287386,"50 Branch"
1287407,"49 Branch"
1287408,"50 Branch"
1287420,"unspecified"
1287427,"49 Branch"
1287456,"unspecified"
1287460,"50 Branch"
1287473,"unspecified"
1287476,"Trunk"
1287478,"unspecified"
1287533,"43 Branch"
1287578,"47 Branch"
1287622,"Trunk"
1287661,"unspecified"
1287667,"unspecified"
1287673,"unspecified"
1287687,"48 Branch"
1287732,"Trunk"
1287748,"48 Branch"
1287820,"unspecified"
1287821,"Trunk"
1287822,"48 Branch"
1287843,"Trunk"
1287914,"Trunk"
1287980,"Trunk"
1288039,"47 Branch"
1288050,"47 Branch"
1288058,"unspecified"
1288107,"unspecified"
1288120,"Trunk"
1288126,"unspecified"
1288145,"Trunk"
1288151,"unspecified"
1288165,"Trunk"
1288175,"47 Branch"
1288203,"Trunk"
1288217,"unspecified"
1288239,"unspecified"
1288243,"50 Branch"
1288247,"47 Branch"
1288315,"47 Branch"
1288333,"unspecified"
1288357,"47 Branch"
1288445,"Trunk"
1288449,"47 Branch"
1288451,"47 Branch"
1288486,"50 Branch"
1288500,"47 Branch"
1288503,"50 Branch"
1288549,"48 Branch"
1288584,"unspecified"
1288654,"47 Branch"
1288663,"Trunk"
1288700,"47 Branch"
1288704,"Trunk"
1288729,"Trunk"
1288730,"Trunk"
1288751,"48 Branch"
1288765,"47 Branch"
1288803,"Trunk"
1288877,"unspecified"
1288893,"47 Branch"
1288920,"47 Branch"
1288936,"50 Branch"
1288948,"47 Branch"
1288951,"47 Branch"
1288962,"47 Branch"
1288978,"47 Branch"
1288990,"47 Branch"
1289092,"unspecified"
1289142,"Trunk"
1289172,"Trunk"
1289177,"47 Branch"
1289217,"50 Branch"
1289218,"50 Branch"
1289229,"Trunk"
1289231,"Trunk"
1289240,"49 Branch"
1289268,"Trunk"
1289281,"Trunk"
1289283,"Trunk"
1289287,"unspecified"
1289358,"Trunk"
1289391,"47 Branch"
1289402,"47 Branch"
1289426,"50 Branch"
1289468,"Trunk"
1289510,"50 Branch"
1289575,"47 Branch"
1289630,"50 Branch"
1289633,"unspecified"
1289659,"50 Branch"
1289755,"Trunk"
1289774,"Trunk"
1289832,"50 Branch"
1289845,"47 Branch"
1289848,"Trunk"
1289869,"50 Branch"
1289906,"Trunk"
1289932,"unspecified"
1289944,"unspecified"
1289998,"unspecified"
1290017,"Trunk"
1290020,"Trunk"
1290094,"Trunk"
1290151,"49 Branch"
1290174,"unspecified"
1290182,"unspecified"
1290245,"Trunk"
1290304,"49 Branch"
1290374,"48 Branch"
1290490,"47 Branch"
1290493,"47 Branch"
1290495,"unspecified"
1290500,"46 Branch"
1290502,"50 Branch"
1290567,"unspecified"
1290631,"Trunk"
1290632,"Trunk"
1290651,"43 Branch"
1290665,"47 Branch"
1290667,"47 Branch"
1290672,"47 Branch"
1290677,"47 Branch"
1290698,"Trunk"
1290705,"unspecified"
1290706,"unspecified"
1290707,"47 Branch"
1290824,"unspecified"
1290826,"unspecified"
1290829,"unspecified"
1290835,"50 Branch"
1290841,"unspecified"
1290905,"47 Branch"
1290965,"unspecified"
1290976,"unspecified"
1290990,"47 Branch"
1291026,"unspecified"
1291030,"Trunk"
1291036,"unspecified"
1291088,"unspecified"
1291175,"48 Branch"
1291191,"unspecified"
1291215,"unspecified"
1291220,"unspecified"
1291227,"unspecified"
1291323,"48 Branch"
1291338,"unspecified"
1291348,"47 Branch"
1291349,"50 Branch"
1291361,"48 Branch"
1291412,"45 Branch"
1291414,"48 Branch"
1291416,"unspecified"
1291439,"Trunk"
1291441,"Trunk"
1291469,"Trunk"
1291488,"48 Branch"
1291573,"unspecified"
1291623,"48 Branch"
1291625,"51 Branch"
1291634,"unspecified"
1291640,"unspecified"
1291651,"unspecified"
1291656,"48 Branch"
1291666,"49 Branch"
1291670,"47 Branch"
1291677,"unspecified"
1291680,"48 Branch"
1291684,"unspecified"
1291688,"Trunk"
1291705,"unspecified"
1291709,"unspecified"
1291730,"Trunk"
1291734,"48 Branch"
1291770,"50 Branch"
1291799,"48 Branch"
1291820,"50 Branch"
1291833,"Trunk"
1291835,"Trunk"
1291860,"50 Branch"
1291880,"48 Branch"
1291924,"48 Branch"
1291950,"48 Branch"
1291998,"Trunk"
1291999,"48 Branch"
1292000,"47 Branch"
1292004,"48 Branch"
1292019,"unspecified"
1292072,"48 Branch"
1292095,"Trunk"
1292152,"50 Branch"
1292162,"48 Branch"
1292174,"Trunk"
1292210,"48 Branch"
1292219,"48 Branch"
1292222,"unspecified"
1292276,"48 Branch"
1292316,"Trunk"
1292321,"Trunk"
1292345,"Trunk"
1292354,"51 Branch"
1292400,"unspecified"
1292401,"47 Branch"
1292451,"48 Branch"
1292467,"48 Branch"
1292485,"48 Branch"
1292494,"48 Branch"
1292497,"unspecified"
1292501,"47 Branch"
1292518,"47 Branch"
1292519,"Trunk"
1292542,"Trunk"
1292551,"50 Branch"
1292562,"unspecified"
1292566,"50 Branch"
1292573,"50 Branch"
1292589,"unspecified"
1292599,"47 Branch"
1292617,"48 Branch"
1292633,"Trunk"
1292640,"Trunk"
1292641,"48 Branch"
1292671,"48 Branch"
1292689,"48 Branch"
1292695,"unspecified"
1292711,"47 Branch"
1292712,"48 Branch"
1292721,"48 Branch"
1292727,"Trunk"
1292767,"unspecified"
1292870,"50 Branch"
1292880,"48 Branch"
1292887,"47 Branch"
1292899,"unspecified"
1292902,"48 Branch"
1292920,"48 Branch"
1292946,"unspecified"
1292992,"48 Branch"
1292993,"unspecified"
1292996,"48 Branch"
1292997,"48 Branch"
1293013,"48 Branch"
1293017,"40 Branch"
1293020,"48 Branch"
1293023,"Trunk"
1293024,"Trunk"
1293032,"48 Branch"
1293041,"50 Branch"
1293042,"48 Branch"
1293049,"47 Branch"
1293050,"48 Branch"
1293064,"48 Branch"
1293089,"48 Branch"
1293119,"48 Branch"
1293128,"unspecified"
1293147,"51 Branch"
1293181,"unspecified"
1293185,"51 Branch"
1293189,"50 Branch"
1293218,"48 Branch"
1293240,"48 Branch"
1293251,"48 Branch"
1293278,"unspecified"
1293286,"unspecified"
1293300,"Trunk"
1293308,"48 Branch"
1293335,"Trunk"
1293349,"Trunk"
1293368,"unspecified"
1293402,"50 Branch"
1293454,"49 Branch"
1293459,"44 Branch"
1293467,"unspecified"
1293481,"Trunk"
1293545,"Trunk"
1293578,"48 Branch"
1293615,"48 Branch"
1293623,"48 Branch"
1293648,"49 Branch"
1293667,"49 Branch"
1293723,"Trunk"
1293802,"45 Branch"
1293829,"unspecified"
1293966,"48 Branch"
1293967,"Trunk"
1293972,"51 Branch"
1293988,"48 Branch"
1294026,"unspecified"
1294031,"unspecified"
1294043,"48 Branch"
1294081,"50 Branch"
1294098,"Trunk"
1294104,"unspecified"
1294110,"unspecified"
1294146,"unspecified"
1294151,"unspecified"
1294174,"Trunk"
1294215,"47 Branch"
1294249,"unspecified"
1294289,"48 Branch"
1294308,"47 Branch"
1294314,"Trunk"
1294337,"51 Branch"
1294342,"51 Branch"
1294359,"48 Branch"
1294378,"unspecified"
1294388,"unspecified"
1294393,"48 Branch"
1294395,"45 Branch"
1294416,"48 Branch"
1294424,"48 Branch"
1294430,"unspecified"
1294435,"Trunk"
1294441,"Trunk"
1294457,"48 Branch"
1294471,"Trunk"
1294472,"48 Branch"
1294495,"51 Branch"
1294496,"51 Branch"
1294507,"Trunk"
1294531,"Trunk"
1294560,"48 Branch"
1294576,"Trunk"
1294579,"Trunk"
1294653,"50 Branch"
1294661,"45 Branch"
1294666,"48 Branch"
1294673,"43 Branch"
1294680,"unspecified"
1294700,"50 Branch"
1294733,"51 Branch"
1294797,"unspecified"
1294801,"48 Branch"
1294842,"48 Branch"
1294895,"unspecified"
1294953,"50 Branch"
1294959,"13 Branch"
1294972,"47 Branch"
1294987,"48 Branch"
1294990,"48 Branch"
1294994,"Trunk"
1294999,"Trunk"
1295000,"Trunk"
1295012,"Trunk"
1295013,"48 Branch"
1295016,"48 Branch"
1295020,"unspecified"
1295038,"51 Branch"
1295042,"51 Branch"
1295058,"unspecified"
1295088,"Trunk"
1295151,"Trunk"
1295194,"50 Branch"
1295198,"Trunk"
1295199,"49 Branch"
1295224,"48 Branch"
1295229,"47 Branch"
1295235,"49 Branch"
1295253,"Trunk"
1295291,"unspecified"
1295319,"48 Branch"
1295355,"unspecified"
1295396,"50 Branch"
1295410,"unspecified"
1295490,"51 Branch"
1295502,"51 Branch"
1295520,"unspecified"
1295521,"unspecified"
1295532,"47 Branch"
1295546,"unspecified"
1295558,"48 Branch"
1295582,"Trunk"
1295584,"48 Branch"
1295710,"48 Branch"
1295715,"48 Branch"
1295768,"48 Branch"
1295769,"Trunk"
1295782,"48 Branch"
1295821,"48 Branch"
1295929,"Trunk"
1295938,"48 Branch"
1295947,"Trunk"
1295974,"47 Branch"
1296099,"48 Branch"
1296100,"48 Branch"
1296105,"47 Branch"
1296106,"47 Branch"
1296111,"48 Branch"
1296128,"Trunk"
1296134,"unspecified"
1296165,"48 Branch"
1296188,"Trunk"
1296221,"unspecified"
1296259,"48 Branch"
1296281,"Trunk"
1296282,"Trunk"
1296284,"49 Branch"
1296306,"46 Branch"
1296314,"48 Branch"
1296372,"51 Branch"
1296374,"48 Branch"
1296378,"unspecified"
1296385,"48 Branch"
1296395,"Trunk"
1296435,"51 Branch"
1296481,"48 Branch"
1296499,"Trunk"
1296552,"47 Branch"
1296560,"unspecified"
1296585,"51 Branch"
1296607,"48 Branch"
1296707,"Trunk"
1296714,"unspecified"
1296717,"unspecified"
1296761,"Trunk"
1296764,"Trunk"
1296861,"50 Branch"
1296863,"Trunk"
1296873,"48 Branch"
1296886,"48 Branch"
1296894,"48 Branch"
1296905,"50 Branch"
1296907,"51 Branch"
1296909,"51 Branch"
1296916,"unspecified"
1296919,"48 Branch"
1296930,"48 Branch"
1296933,"Trunk"
1296936,"51 Branch"
1296945,"Trunk"
1296950,"unspecified"
1296956,"48 Branch"
1296975,"48 Branch"
1296978,"48 Branch"
1296983,"48 Branch"
1296989,"47 Branch"
1296992,"50 Branch"
1297005,"Trunk"
1297024,"51 Branch"
1297039,"unspecified"
1297041,"Trunk"
1297057,"48 Branch"
1297071,"48 Branch"
1297091,"Trunk"
1297157,"Trunk"
1297170,"Trunk"
1297216,"45 Branch"
1297227,"48 Branch"
1297234,"unspecified"
1297238,"unspecified"
1297240,"51 Branch"
1297325,"unspecified"
1297336,"51 Branch"
1297348,"48 Branch"
1297352,"48 Branch"
1297369,"38 Branch"
1297374,"51 Branch"
1297378,"48 Branch"
1297395,"51 Branch"
1297400,"unspecified"
1297405,"Trunk"
1297422,"48 Branch"
1297430,"Trunk"
1297440,"48 Branch"
1297441,"48 Branch"
1297448,"48 Branch"
1297459,"48 Branch"
1297467,"50 Branch"
1297473,"unspecified"
1297477,"51 Branch"
1297478,"48 Branch"
1297479,"Trunk"
1297488,"48 Branch"
1297593,"unspecified"
1297627,"51 Branch"
1297689,"48 Branch"
1297700,"48 Branch"
1297701,"47 Branch"
1297707,"unspecified"
1297730,"48 Branch"
1297739,"48 Branch"
1297750,"49 Branch"
1297753,"Trunk"
1297755,"Trunk"
1297806,"Trunk"
1297813,"48 Branch"
1297815,"48 Branch"
1297819,"50 Branch"
1297847,"51 Branch"
1297854,"51 Branch"
1297892,"51 Branch"
1297896,"48 Branch"
1297912,"unspecified"
1297913,"51 Branch"
1297914,"48 Branch"
1297945,"unspecified"
1297946,"48 Branch"
1297949,"48 Branch"
1297959,"48 Branch"
1297974,"unspecified"
1297976,"51 Branch"
1297977,"51 Branch"
1297990,"Trunk"
1297999,"48 Branch"
1298003,"48 Branch"
1298014,"Trunk"
1298019,"48 Branch"
1298037,"50 Branch"
1298044,"48 Branch"
1298047,"51 Branch"
1298051,"38 Branch"
1298065,"51 Branch"
1298070,"45 Branch"
1298079,"unspecified"
1298114,"47 Branch"
1298143,"unspecified"
1298185,"48 Branch"
1298195,"unspecified"
1298197,"unspecified"
1298207,"unspecified"
1298208,"Trunk"
1298219,"Trunk"
1298244,"Trunk"
1298270,"47 Branch"
1298317,"51 Branch"
1298338,"48 Branch"
1298361,"47 Branch"
1298363,"48 Branch"
1298384,"47 Branch"
1298397,"48 Branch"
1298400,"48 Branch"
1298443,"Trunk"
1298449,"50 Branch"
1298465,"48 Branch"
1298475,"unspecified"
1298530,"Trunk"
1298549,"45 Branch"
1298559,"Trunk"
1298575,"49 Branch"
1298583,"1.0 Branch"
1298584,"51 Branch"
1298635,"48 Branch"
1298645,"48 Branch"
1298647,"48 Branch"
1298649,"48 Branch"
1298659,"Trunk"
1298663,"50 Branch"
1298666,"48 Branch"
1298672,"48 Branch"
1298675,"48 Branch"
1298678,"48 Branch"
1298679,"43 Branch"
1298685,"Trunk"
1298687,"Trunk"
1298708,"48 Branch"
1298736,"48 Branch"
1298744,"48 Branch"
1298753,"45 Branch"
1298763,"unspecified"
1298784,"50 Branch"
1298806,"48 Branch"
1298866,"unspecified"
1298872,"Trunk"
1298881,"48 Branch"
1298885,"unspecified"
1298907,"Trunk"
1298916,"48 Branch"
1298942,"48 Branch"
1298943,"48 Branch"
1298981,"51 Branch"
1298982,"51 Branch"
1298993,"51 Branch"
1299016,"47 Branch"
1299086,"unspecified"
1299094,"50 Branch"
1299100,"Trunk"
1299132,"48 Branch"
1299138,"49 Branch"
1299165,"48 Branch"
1299211,"Trunk"
1299233,"Trunk"
1299234,"unspecified"
1299247,"48 Branch"
1299249,"51 Branch"
1299251,"Trunk"
1299265,"48 Branch"
1299277,"unspecified"
1299296,"Trunk"
1299299,"Trunk"
1299307,"48 Branch"
1299338,"unspecified"
1299391,"Trunk"
1299418,"50 Branch"
1299437,"Trunk"
1299445,"unspecified"
1299458,"51 Branch"
1299487,"unspecified"
1299494,"48 Branch"
1299505,"Trunk"
1299510,"unspecified"
1299582,"unspecified"
1299592,"unspecified"
1299596,"unspecified"
1299613,"unspecified"
1299620,"unspecified"
1299645,"unspecified"
1299667,"51 Branch"
1299705,"unspecified"
1299712,"unspecified"
1299746,"unspecified"
1299763,"48 Branch"
1299781,"50 Branch"
1299782,"48 Branch"
1299783,"Trunk"
1299784,"unspecified"
1299787,"48 Branch"
1299798,"unspecified"
1299809,"51 Branch"
1299827,"51 Branch"
1299844,"49 Branch"
1299862,"Trunk"
1299867,"48 Branch"
1299879,"50 Branch"
1299914,"unspecified"
1299931,"Trunk"
1299978,"unspecified"
1299998,"Trunk"
1300015,"unspecified"
1300022,"48 Branch"
1300046,"51 Branch"
1300053,"Trunk"
1300055,"51 Branch"
1300056,"51 Branch"
1300064,"51 Branch"
1300070,"51 Branch"
1300089,"51 Branch"
1300093,"51 Branch"
1300095,"Trunk"
1300096,"unspecified"
1300142,"unspecified"
1300231,"51 Branch"
1300306,"48 Branch"
1300348,"50 Branch"
1300377,"Trunk"
1300378,"51 Branch"
1300393,"unspecified"
1300403,"48 Branch"
1300410,"Trunk"
1300441,"51 Branch"
1300448,"unspecified"
1300495,"Trunk"
1300513,"45 Branch"
1300520,"49 Branch"
1300525,"Trunk"
1300541,"51 Branch"
1300555,"38 Branch"
1300556,"Trunk"
1300557,"unspecified"
1300593,"48 Branch"
1300605,"48 Branch"
1300607,"48 Branch"
1300615,"48 Branch"
1300649,"Trunk"
1300734,"Trunk"
1300738,"48 Branch"
1300760,"48 Branch"
1300788,"49 Branch"
1300794,"48 Branch"
1300862,"48 Branch"
1300870,"Trunk"
1300876,"Trunk"
1300878,"51 Branch"
1300916,"unspecified"
1301028,"48 Branch"
1301030,"48 Branch"
1301080,"48 Branch"
1301086,"Trunk"
1301093,"unspecified"
1301098,"48 Branch"
1301104,"unspecified"
1301114,"48 Branch"
1301119,"48 Branch"
1301131,"unspecified"
1301220,"Trunk"
1301239,"48 Branch"
1301289,"unspecified"
1301328,"Trunk"
1301329,"48 Branch"
1301351,"Trunk"
1301394,"unspecified"
1301413,"unspecified"
1301421,"51 Branch"
1301435,"unspecified"
1301442,"50 Branch"
1301452,"unspecified"
1301460,"51 Branch"
1301476,"48 Branch"
1301560,"48 Branch"
1301577,"Trunk"
1301606,"unspecified"
1301614,"49 Branch"
1301616,"50 Branch"
1301620,"46 Branch"
1301664,"51 Branch"
1301668,"48 Branch"
1301672,"48 Branch"
1301696,"Trunk"
1301697,"51 Branch"
1301713,"Trunk"
1301714,"Trunk"
1301745,"50 Branch"
1301752,"unspecified"
1301755,"51 Branch"
1301758,"Trunk"
1301769,"43 Branch"
1301771,"50 Branch"
1301772,"47 Branch"
1301792,"unspecified"
1301813,"Trunk"
1301830,"48 Branch"
1301851,"Trunk"
1301866,"48 Branch"
1301875,"Trunk"
1301918,"48 Branch"
1301935,"47 Branch"
1301946,"28 Branch"
1301947,"51 Branch"
1301949,"Trunk"
1301959,"Trunk"
1301967,"48 Branch"
1301987,"Trunk"
1301988,"50 Branch"
1301992,"47 Branch"
1302004,"51 Branch"
1302031,"51 Branch"
1302055,"unspecified"
1302069,"48 Branch"
1302070,"51 Branch"
1302080,"48 Branch"
1302086,"50 Branch"
1302088,"50 Branch"
1302096,"48 Branch"
1302131,"Trunk"
1302267,"48 Branch"
1302271,"unspecified"
1302286,"unspecified"
1302288,"unspecified"
1302289,"unspecified"
1302307,"Trunk"
1302315,"unspecified"
1302316,"unspecified"
1302323,"48 Branch"
1302347,"51 Branch"
1302355,"Trunk"
1302405,"Trunk"
1302548,"51 Branch"
1302553,"48 Branch"
1302557,"48 Branch"
1302565,"47 Branch"
1302581,"48 Branch"
1302584,"51 Branch"
1302603,"unspecified"
1302610,"unspecified"
1302628,"48 Branch"
1302638,"47 Branch"
1302646,"unspecified"
1302647,"51 Branch"
1302657,"48 Branch"
1302677,"48 Branch"
1302725,"unspecified"
1302727,"unspecified"
1302733,"Trunk"
1302738,"unspecified"
1302759,"unspecified"
1302847,"48 Branch"
1302868,"49 Branch"
1302952,"Trunk"
1302976,"unspecified"
1302984,"Trunk"
1303007,"51 Branch"
1303014,"47 Branch"
1303017,"47 Branch"
1303022,"Trunk"
1303032,"51 Branch"
1303034,"unspecified"
1303059,"50 Branch"
1303077,"unspecified"
1303082,"48 Branch"
1303108,"Trunk"
1303145,"50 Branch"
1303185,"48 Branch"
1303188,"48 Branch"
1303218,"48 Branch"
1303259,"Trunk"
1303284,"49 Branch"
1303286,"49 Branch"
1303289,"51 Branch"
1303318,"Trunk"
1303327,"48 Branch"
1303330,"51 Branch"
1303344,"48 Branch"
1303376,"51 Branch"
1303380,"Trunk"
1303459,"50 Branch"
1303464,"48 Branch"
1303479,"unspecified"
1303520,"unspecified"
1303525,"51 Branch"
1303538,"51 Branch"
1303582,"48 Branch"
1303594,"48 Branch"
1303609,"unspecified"
1303625,"51 Branch"
1303650,"51 Branch"
1303651,"Trunk"
1303652,"51 Branch"
1303677,"unspecified"
1303679,"unspecified"
1303692,"48 Branch"
1303694,"48 Branch"
1303695,"unspecified"
1303771,"unspecified"
1303789,"48 Branch"
1303811,"unspecified"
1303829,"48 Branch"
1303875,"48 Branch"
1303876,"unspecified"
1303939,"Trunk"
1303978,"48 Branch"
1303997,"48 Branch"
1304036,"51 Branch"
1304113,"unspecified"
1304138,"52 Branch"
1304142,"50 Branch"
1304151,"50 Branch"
1304197,"Trunk"
1304307,"49 Branch"
1304312,"49 Branch"
1304321,"49 Branch"
1304324,"48 Branch"
1304340,"51 Branch"
1304351,"unspecified"
1304357,"48 Branch"
1304359,"51 Branch"
1304363,"51 Branch"
1304367,"49 Branch"
1304432,"unspecified"
1304447,"52 Branch"
1304608,"unspecified"
1304609,"unspecified"
1304617,"Trunk"
1304628,"52 Branch"
1304644,"unspecified"
1304671,"52 Branch"
1304680,"Trunk"
1304803,"unspecified"
1304826,"48 Branch"
1304830,"Trunk"
1304865,"unspecified"
1304877,"unspecified"
1304896,"unspecified"
1304953,"49 Branch"
1304954,"49 Branch"
1304963,"1.0 Branch"
1304973,"Trunk"
1304979,"52 Branch"
1304996,"49 Branch"
1304997,"unspecified"
1305020,"52 Branch"
1305046,"48 Branch"
1305055,"50 Branch"
1305075,"unspecified"
1305083,"48 Branch"
1305108,"unspecified"
1305128,"unspecified"
1305150,"unspecified"
1305164,"Trunk"
1305195,"51 Branch"
1305200,"49 Branch"
1305203,"Trunk"
1305239,"49 Branch"
1305252,"48 Branch"
1305265,"48 Branch"
1305266,"52 Branch"
1305272,"49 Branch"
1305283,"49 Branch"
1305286,"49 Branch"
1305295,"49 Branch"
1305301,"unspecified"
1305308,"3.0 Branch"
1305319,"Trunk"
1305324,"49 Branch"
1305334,"49 Branch"
1305392,"52 Branch"
1305407,"Trunk"
1305408,"49 Branch"
1305410,"48 Branch"
1305414,"unspecified"
1305440,"49 Branch"
1305444,"unspecified"
1305447,"49 Branch"
1305456,"49 Branch"
1305471,"48 Branch"
1305523,"49 Branch"
1305578,"unspecified"
1305584,"unspecified"
1305614,"5 Branch"
1305632,"49 Branch"
1305688,"52 Branch"
1305712,"unspecified"
1305726,"52 Branch"
1305737,"50 Branch"
1305741,"50 Branch"
1305825,"unspecified"
1305878,"unspecified"
1305929,"48 Branch"
1305940,"4.0 Branch"
1305971,"49 Branch"
1306000,"Trunk"
1306169,"49 Branch"
1306218,"52 Branch"
1306264,"Trunk"
1306341,"unspecified"
1306347,"unspecified"
1306348,"unspecified"
1306349,"unspecified"
1306354,"unspecified"
1306355,"unspecified"
1306377,"49 Branch"
1306396,"49 Branch"
1306522,"Trunk"
1306536,"unspecified"
1306581,"52 Branch"
1306584,"Trunk"
1306688,"49 Branch"
1306773,"unspecified"
1306847,"unspecified"
1306853,"50 Branch"
1306938,"49 Branch"
1306950,"49 Branch"
1306973,"49 Branch"
1306981,"49 Branch"
1306982,"49 Branch"
1306994,"49 Branch"
1306996,"49 Branch"
1307000,"1.0 Branch"
1307006,"44 Branch"
1307008,"44 Branch"
1307011,"49 Branch"
1307020,"48 Branch"
1307072,"49 Branch"
1307086,"49 Branch"
1307132,"51 Branch"
1307182,"49 Branch"
1307183,"49 Branch"
1307245,"49 Branch"
1307291,"49 Branch"
1307303,"unspecified"
1307320,"49 Branch"
1307335,"49 Branch"
1307336,"52 Branch"
1307345,"49 Branch"
1307382,"51 Branch"
1307403,"45 Branch"
1307428,"Trunk"
1307439,"52 Branch"
1307454,"52 Branch"
1307463,"49 Branch"
1307594,"unspecified"
1307597,"44 Branch"
1307617,"44 Branch"
1307648,"49 Branch"
1307676,"unspecified"
1307687,"unspecified"
1307716,"unspecified"
1307769,"1.0 Branch"
1307776,"49 Branch"
1307847,"unspecified"
1307901,"unspecified"
1308021,"unspecified"
1308033,"unspecified"
1308061,"unspecified"
1308124,"49 Branch"
1308180,"50 Branch"
1308194,"49 Branch"
1308211,"Trunk"
1308240,"unspecified"
1308244,"49 Branch"
1308250,"Trunk"
1308311,"49 Branch"
1308313,"51 Branch"
1308326,"unspecified"
1308330,"52 Branch"
1308407,"unspecified"
1308408,"51 Branch"
1308414,"49 Branch"
1308420,"unspecified"
1308458,"52 Branch"
1308466,"49 Branch"
1308492,"unspecified"
1308524,"52 Branch"
1308536,"49 Branch"
1308540,"49 Branch"
1308553,"unspecified"
1308567,"unspecified"
1308597,"47 Branch"
1308608,"51 Branch"
1308615,"unspecified"
1308642,"52 Branch"
1308679,"unspecified"
1308716,"unspecified"
1308720,"49 Branch"
1308731,"49 Branch"
1308737,"51 Branch"
1308752,"49 Branch"
1308770,"52 Branch"
1308812,"44 Branch"
1308829,"49 Branch"
1308833,"49 Branch"
1308834,"49 Branch"
1308836,"49 Branch"
1308841,"unspecified"
1308935,"49 Branch"
1308958,"49 Branch"
1308978,"42 Branch"
1308994,"unspecified"
1309027,"50 Branch"
1309044,"unspecified"
1309070,"unspecified"
1309097,"3.5 Branch"
1309100,"4.0 Branch"
1309105,"49 Branch"
1309115,"49 Branch"
1309137,"49 Branch"
1309158,"49 Branch"
1309167,"52 Branch"
1309204,"Trunk"
1309216,"unspecified"
1309251,"Trunk"
1309267,"52 Branch"
1309332,"unspecified"
1309333,"unspecified"
1309336,"49 Branch"
1309355,"51 Branch"
1309399,"22 Branch"
1309432,"1.0 Branch"
1309475,"48 Branch"
1309480,"3.0 Branch"
1309513,"49 Branch"
1309576,"Trunk"
1309588,"50 Branch"
1309589,"unspecified"
1309590,"49 Branch"
1309604,"51 Branch"
1309613,"Trunk"
1309614,"Trunk"
1309617,"Trunk"
1309619,"Trunk"
1309636,"49 Branch"
1309642,"52 Branch"
1309647,"unspecified"
1309668,"unspecified"
1309690,"50 Branch"
1309702,"unspecified"
1309762,"49 Branch"
1309774,"unspecified"
1309793,"Trunk"
1309805,"49 Branch"
1309815,"unspecified"
1309842,"unspecified"
1309880,"unspecified"
1309911,"unspecified"
1309922,"49 Branch"
1309975,"52 Branch"
1309989,"1.5.0.x Branch"
1309990,"unspecified"
1310018,"49 Branch"
1310146,"Trunk"
1310154,"51 Branch"
1310225,"49 Branch"
1310251,"52 Branch"
1310253,"52 Branch"
1310284,"Trunk"
1310298,"49 Branch"
1310329,"49 Branch"
1310342,"50 Branch"
1310347,"49 Branch"
1310382,"52 Branch"
1310393,"unspecified"
1310401,"49 Branch"
1310406,"49 Branch"
1310410,"unspecified"
1310422,"45 Branch"
1310426,"50 Branch"
1310430,"52 Branch"
1310432,"47 Branch"
1310441,"49 Branch"
1310460,"Trunk"
1310488,"49 Branch"
1310489,"49 Branch"
1310525,"unspecified"
1310540,"49 Branch"
1310554,"unspecified"
1310576,"Trunk"
1310596,"50 Branch"
1310677,"49 Branch"
1310704,"49 Branch"
1310707,"49 Branch"
1310712,"52 Branch"
1310718,"49 Branch"
1310724,"unspecified"
1310725,"50 Branch"
1310827,"51 Branch"
1310837,"48 Branch"
1310882,"unspecified"
1310909,"50 Branch"
1310915,"47 Branch"
1310928,"50 Branch"
1310941,"unspecified"
1310953,"52 Branch"
1310966,"49 Branch"
1310976,"49 Branch"
1311009,"Trunk"
1311016,"unspecified"
1311018,"49 Branch"
1311043,"Trunk"
1311103,"unspecified"
1311182,"49 Branch"
1311197,"unspecified"
1311233,"49 Branch"
1311247,"unspecified"
1311286,"49 Branch"
1311291,"unspecified"
1311315,"unspecified"
1311317,"49 Branch"
1311349,"unspecified"
1311439,"49 Branch"
1311477,"unspecified"
1311525,"Trunk"
1311557,"unspecified"
1311574,"49 Branch"
1311611,"unspecified"
1311628,"49 Branch"
1311630,"unspecified"
1311636,"unspecified"
1311649,"49 Branch"
1311661,"unspecified"
1311667,"Trunk"
1311668,"52 Branch"
1311670,"45 Branch"
1311674,"49 Branch"
1311678,"49 Branch"
1311680,"Trunk"
1311777,"50 Branch"
1311782,"unspecified"
1311785,"49 Branch"
1311837,"unspecified"
1311850,"unspecified"
1311905,"45 Branch"
1311969,"Trunk"
1312013,"Trunk"
1312015,"unspecified"
1312018,"51 Branch"
1312021,"unspecified"
1312024,"Trunk"
1312031,"unspecified"
1312032,"Trunk"
1312055,"unspecified"
1312068,"49 Branch"
1312069,"49 Branch"
1312116,"50 Branch"
1312151,"Trunk"
1312166,"52 Branch"
1312167,"Trunk"
1312183,"50 Branch"
1312186,"49 Branch"
1312194,"49 Branch"
1312198,"unspecified"
1312234,"Trunk"
1312237,"52 Branch"
1312259,"50 Branch"
1312263,"unspecified"
1312264,"49 Branch"
1312275,"unspecified"
1312277,"unspecified"
1312279,"51 Branch"
1312283,"49 Branch"
1312285,"49 Branch"
1312298,"unspecified"
1312320,"unspecified"
1312329,"49 Branch"
1312366,"Trunk"
1312367,"Trunk"
1312371,"51 Branch"
1312378,"49 Branch"
1312389,"52 Branch"
1312406,"unspecified"
1312407,"unspecified"
1312454,"49 Branch"
1312486,"Trunk"
1312494,"unspecified"
1312517,"50 Branch"
1312571,"unspecified"
1312607,"47 Branch"
1312642,"unspecified"
1312685,"49 Branch"
1312706,"Trunk"
1312716,"Trunk"
1312720,"51 Branch"
1312722,"49 Branch"
1312769,"49 Branch"
1312779,"Trunk"
1312822,"1.0 Branch"
1312832,"49 Branch"
1312857,"unspecified"
1312884,"52 Branch"
1312901,"unspecified"
1312902,"unspecified"
1312986,"49 Branch"
1313051,"unspecified"
1313055,"unspecified"
1313080,"Trunk"
1313106,"Trunk"
1313109,"Trunk"
1313133,"Trunk"
1313290,"49 Branch"
1313313,"unspecified"
1313324,"unspecified"
1313358,"unspecified"
1313408,"unspecified"
1313427,"Trunk"
1313437,"49 Branch"
1313439,"49 Branch"
1313447,"1.0 Branch"
1313507,"unspecified"
1313509,"52 Branch"
1313528,"49 Branch"
1313555,"Trunk"
1313573,"unspecified"
1313620,"51 Branch"
1313621,"49 Branch"
1313626,"unspecified"
1313630,"49 Branch"
1313634,"Trunk"
1313673,"unspecified"
1313706,"Trunk"
1313731,"Trunk"
1313734,"49 Branch"
1313749,"unspecified"
1313769,"52 Branch"
1313778,"51 Branch"
1313793,"Trunk"
1313794,"Trunk"
1313796,"unspecified"
1313805,"51 Branch"
1313825,"Trunk"
1313828,"52 Branch"
1313848,"Trunk"
1313851,"49 Branch"
1313862,"unspecified"
1313879,"49 Branch"
1313893,"unspecified"
1313911,"49 Branch"
1313918,"49 Branch"
1313941,"unspecified"
1313946,"49 Branch"
1313969,"51 Branch"
1313981,"49 Branch"
1313998,"Trunk"
1313999,"49 Branch"
1314009,"41 Branch"
1314017,"51 Branch"
1314041,"49 Branch"
1314046,"49 Branch"
1314067,"49 Branch"
1314109,"47 Branch"
1314179,"unspecified"
1314213,"unspecified"
1314226,"47 Branch"
1314237,"Trunk"
1314264,"Trunk"
1314373,"Trunk"
1314429,"Trunk"
1314474,"unspecified"
1314585,"49 Branch"
1314611,"49 Branch"
1314650,"Trunk"
1314671,"49 Branch"
1314767,"49 Branch"
1314774,"49 Branch"
1314808,"47 Branch"
1314812,"unspecified"
1314879,"unspecified"
1314916,"49 Branch"
1314918,"Trunk"
1314996,"47 Branch"
1315013,"unspecified"
1315063,"50 Branch"
1315075,"unspecified"
1315103,"Trunk"
1315120,"49 Branch"
1315161,"Trunk"
1315221,"unspecified"
1315222,"Trunk"
1315223,"51 Branch"
1315347,"49 Branch"
1315356,"49 Branch"
1315424,"unspecified"
1315498,"49 Branch"
1315501,"49 Branch"
1315511,"49 Branch"
1315514,"51 Branch"
1315539,"51 Branch"
1315541,"49 Branch"
1315553,"52 Branch"
1315587,"49 Branch"
1315615,"Trunk"
1315617,"Trunk"
1315649,"Trunk"
1315675,"unspecified"
1315740,"49 Branch"
1315743,"unspecified"
1315781,"unspecified"
1315797,"50 Branch"
1315920,"51 Branch"
1315944,"unspecified"
1315948,"unspecified"
1315959,"48 Branch"
1315969,"Trunk"
1316037,"unspecified"
1316075,"unspecified"
1316128,"49 Branch"
1316173,"unspecified"
1316272,"49 Branch"
1316350,"50 Branch"
1316374,"unspecified"
1316398,"unspecified"
1316401,"unspecified"
1316402,"unspecified"
1316434,"49 Branch"
1316458,"Trunk"
1316466,"49 Branch"
1316500,"unspecified"
1316531,"unspecified"
1316548,"49 Branch"
1316618,"49 Branch"
1316621,"unspecified"
1316627,"unspecified"
1316646,"48 Branch"
1316691,"49 Branch"
1316733,"unspecified"
1316781,"47 Branch"
1316791,"38 Branch"
1316825,"43 Branch"
1316852,"52 Branch"
1316874,"51 Branch"
1316894,"unspecified"
1316910,"52 Branch"
1316941,"Trunk"
1316992,"49 Branch"
1317074,"49 Branch"
1317143,"Trunk"
1317151,"45 Branch"
1317164,"unspecified"
1317185,"Trunk"
1317207,"49 Branch"
1317216,"unspecified"
1317281,"Trunk"
1317317,"unspecified"
1317418,"48 Branch"
1317424,"unspecified"
1317438,"unspecified"
1317443,"49 Branch"
1317467,"49 Branch"
1317575,"unspecified"
1317587,"unspecified"
1317589,"unspecified"
1317592,"unspecified"
1317664,"44 Branch"
1317666,"51 Branch"
1317677,"unspecified"
1317691,"unspecified"
1317705,"unspecified"
1317816,"50 Branch"
1317895,"2.0 Branch"
1317920,"unspecified"
1317950,"53 Branch"
1317952,"49 Branch"
1318104,"Trunk"
1318136,"51 Branch"
1318267,"52 Branch"
1318271,"50 Branch"
1318276,"Trunk"
1318308,"50 Branch"
1318333,"Trunk"
1318358,"50 Branch"
1318361,"unspecified"
1318394,"50 Branch"
1318407,"50 Branch"
1318413,"50 Branch"
1318414,"unspecified"
1318468,"53 Branch"
1318536,"50 Branch"
1318563,"unspecified"
1318571,"51 Branch"
1318578,"50 Branch"
1318579,"51 Branch"
1318612,"51 Branch"
1318623,"49 Branch"
1318626,"50 Branch"
1318653,"50 Branch"
1318700,"50 Branch"
1318704,"50 Branch"
1318729,"50 Branch"
1318738,"50 Branch"
1318771,"Trunk"
1318790,"Trunk"
1318832,"51 Branch"
1318848,"50 Branch"
1318853,"50 Branch"
1318877,"50 Branch"
1318886,"50 Branch"
1318891,"unspecified"
1318898,"51 Branch"
1318903,"50 Branch"
1318906,"53 Branch"
1318916,"50 Branch"
1318937,"50 Branch"
1318958,"50 Branch"
1318963,"50 Branch"
1318980,"50 Branch"
1319005,"52 Branch"
1319020,"Trunk"
1319022,"50 Branch"
1319037,"unspecified"
1319038,"50 Branch"
1319044,"2.0 Branch"
1319076,"49 Branch"
1319151,"Trunk"
1319174,"Trunk"
1319175,"unspecified"
1319202,"Trunk"
1319279,"50 Branch"
1319323,"unspecified"
1319324,"50 Branch"
1319328,"unspecified"
1319341,"50 Branch"
1319360,"49 Branch"
1319372,"49 Branch"
1319375,"51 Branch"
1319376,"unspecified"
1319377,"50 Branch"
1319385,"50 Branch"
1319391,"43 Branch"
1319419,"53 Branch"
1319460,"unspecified"
1319471,"unspecified"
1319475,"50 Branch"
1319578,"52 Branch"
1319625,"50 Branch"
1319730,"52 Branch"
1319750,"Trunk"
1319762,"unspecified"
1319775,"50 Branch"
1319788,"unspecified"
1319816,"unspecified"
1319832,"unspecified"
1319844,"unspecified"
1319845,"unspecified"
1319889,"50 Branch"
1319937,"Trunk"
1319983,"50 Branch"
1319998,"50 Branch"
1320063,"unspecified"
1320081,"50 Branch"
1320089,"50 Branch"
1320090,"50 Branch"
1320100,"Trunk"
1320109,"Trunk"
1320113,"Trunk"
1320147,"53 Branch"
1320154,"unspecified"
1320299,"Trunk"
1320319,"Trunk"
1320323,"50 Branch"
1320347,"50 Branch"
1320350,"unspecified"
1320369,"50 Branch"
1320370,"53 Branch"
1320375,"unspecified"
1320407,"unspecified"
1320440,"Trunk"
1320444,"50 Branch"
1320445,"50 Branch"
1320447,"1.0 Branch"
1320485,"51 Branch"
1320502,"53 Branch"
1320522,"Trunk"
1320523,"50 Branch"
1320524,"52 Branch"
1320526,"45 Branch"
1320530,"50 Branch"
1320540,"50 Branch"
1320548,"50 Branch"
1320553,"50 Branch"
1320554,"45 Branch"
1320558,"50 Branch"
1320563,"50 Branch"
1320610,"Trunk"
1320635,"50 Branch"
1320648,"53 Branch"
1320658,"51 Branch"
1320667,"52 Branch"
1320707,"53 Branch"
1320749,"49 Branch"
1320780,"49 Branch"
1320791,"unspecified"
1320820,"50 Branch"
1320840,"50 Branch"
1320868,"50 Branch"
1320875,"53 Branch"
1321027,"unspecified"
1321102,"50 Branch"
1321120,"49 Branch"
1321123,"50 Branch"
1321192,"50 Branch"
1321194,"50 Branch"
1321205,"50 Branch"
1321211,"50 Branch"
1321254,"50 Branch"
1321259,"50 Branch"
1321315,"Trunk"
1321373,"unspecified"
1321431,"50 Branch"
1321475,"50 Branch"
1321546,"unspecified"
1321553,"50 Branch"
1321556,"unspecified"
1321562,"53 Branch"
1321604,"50 Branch"
1321624,"50 Branch"
1321653,"50 Branch"
1321760,"49 Branch"
1321764,"49 Branch"
1321793,"15 Branch"
1321796,"45 Branch"
1321893,"unspecified"
1321942,"50 Branch"
1321961,"45 Branch"
1321962,"51 Branch"
1321979,"50 Branch"
1322010,"50 Branch"
1322099,"50 Branch"
1322100,"50 Branch"
1322133,"45 Branch"
1322134,"49 Branch"
1322139,"52 Branch"
1322149,"48 Branch"
1322162,"50 Branch"
1322174,"52 Branch"
1322198,"50 Branch"
1322226,"50 Branch"
1322253,"50 Branch"
1322276,"50 Branch"
1322329,"50 Branch"
1322332,"1.0 Branch"
1322333,"Trunk"
1322335,"50 Branch"
1322368,"50 Branch"
1322372,"51 Branch"
1322375,"50 Branch"
1322405,"50 Branch"
1322408,"unspecified"
1322425,"50 Branch"
1322431,"50 Branch"
1322479,"49 Branch"
1322480,"41 Branch"
1322481,"45 Branch"
1322483,"48 Branch"
1322489,"50 Branch"
1322490,"50 Branch"
1322494,"Trunk"
1322541,"50 Branch"
1322565,"unspecified"
1322596,"unspecified"
1322609,"unspecified"
1322639,"50 Branch"
1322670,"50 Branch"
1322693,"53 Branch"
1322842,"50 Branch"
1322846,"53 Branch"
1322854,"50 Branch"
1322872,"50 Branch"
1322879,"unspecified"
1322895,"50 Branch"
1322903,"52 Branch"
1322904,"50 Branch"
1322909,"53 Branch"
1322919,"53 Branch"
1322925,"1.0 Branch"
1322935,"Trunk"
1322953,"Trunk"
1322975,"Trunk"
1322987,"45 Branch"
1323006,"45 Branch"
1323028,"50 Branch"
1323057,"53 Branch"
1323125,"Trunk"
1323126,"50 Branch"
1323130,"50 Branch"
1323134,"Trunk"
1323221,"50 Branch"
1323276,"Trunk"
1323297,"50 Branch"
1323344,"50 Branch"
1323349,"50 Branch"
1323426,"50 Branch"
1323428,"24 Branch"
1323443,"50 Branch"
1323444,"50 Branch"
1323500,"50 Branch"
1323583,"45 Branch"
1323600,"52 Branch"
1323607,"Trunk"
1323661,"50 Branch"
1323673,"50 Branch"
1323699,"Trunk"
1323728,"50 Branch"
1323769,"50 Branch"
1323807,"Trunk"
1323814,"50 Branch"
1323889,"52 Branch"
1323921,"unspecified"
1323997,"53 Branch"
1324227,"50 Branch"
1324253,"50 Branch"
1324285,"50 Branch"
1324301,"unspecified"
1324369,"unspecified"
1324409,"Trunk"
1324416,"50 Branch"
1324440,"50 Branch"
1324506,"50 Branch"
1324508,"unspecified"
1324709,"50 Branch"
1324731,"unspecified"
1324758,"50 Branch"
1324760,"unspecified"
1324784,"52 Branch"
1324858,"unspecified"
1324865,"unspecified"
1324876,"53 Branch"
1325042,"52 Branch"
1325076,"Trunk"
1325136,"53 Branch"
1325278,"50 Branch"
1325288,"50 Branch"
1325346,"50 Branch"
1325374,"unspecified"
1325410,"53 Branch"
1325620,"53 Branch"
1325742,"50 Branch"
1325762,"53 Branch"
1325763,"53 Branch"
1325802,"45 Branch"
1325817,"53 Branch"
1325822,"unspecified"
1325839,"53 Branch"
1325913,"50 Branch"
1325952,"45 Branch"
1326008,"unspecified"
1326014,"50 Branch"
1326019,"45 Branch"
1326256,"50 Branch"
1326355,"53 Branch"